Index,Value
2007-01-02,925.65
2007-01-03,926.15
2007-01-04,931.35
2007-01-05,934.4
2007-01-08,938.1
2007-01-09,938.6
2007-01-10,937.85
2007-01-11,938.95
2007-01-12,940.05
2007-01-15,938.6
2007-01-16,935.55
2007-01-17,936.95
2007-01-18,936.7
2007-01-19,936.35
2007-01-22,940.15
2007-01-23,940.25
2007-01-24,936.1
2007-01-25,936.05
2007-01-26,940.65
2007-01-29,940.45
2007-01-30,942.7
2007-01-31,941.15
2007-02-01,937.05
2007-02-02,937.3
2007-02-05,935.75
2007-02-06,932.95
2007-02-07,933.6
2007-02-08,935.05
2007-02-09,934.55
2007-02-12,937.65
2007-02-13,939.55
2007-02-14,938.45
2007-02-15,934.75
2007-02-16,936.45
2007-02-20,938.45
2007-02-21,938.45
2007-02-22,938.9
2007-02-23,938.05
2007-02-26,938.75
2007-02-27,938.9
2007-02-28,941.75
2007-03-02,943.05
2007-03-05,951.45
2007-03-06,947.65
2007-03-07,948.7
2007-03-08,947.85
2007-03-09,945.85
2007-03-12,943.95
2007-03-13,944.6
2007-03-14,946.25
2007-03-15,944.55
2007-03-16,944.75
2007-03-19,943.65
2007-03-20,941.65
2007-03-21,938
2007-03-22,938
2007-03-23,937.45
2007-03-26,938.65
2007-03-27,940.95
2007-03-28,939.05
2007-03-29,940.55
2007-03-30,940.85
2007-04-02,937.25
2007-04-03,936.75
2007-04-04,936.3
2007-04-05,933
2007-04-06,931.85
2007-04-09,932.95
2007-04-10,933.9
2007-04-11,932.25
2007-04-12,931.75
2007-04-13,929.25
2007-04-16,931.75
2007-04-17,928.85
2007-04-18,928.3
2007-04-19,928.75
2007-04-20,927.6
2007-04-23,926.35
2007-04-24,927.45
2007-04-25,926.75
2007-04-26,928.95
2007-04-27,929.15
2007-04-30,930.85
2007-05-02,930.05
2007-05-03,926.95
2007-05-04,927.65
2007-05-07,922.4
2007-05-08,922.95
2007-05-09,923.55
2007-05-10,925.15
2007-05-11,926.75
2007-05-14,924.2
2007-05-15,924.3
2007-05-16,923.95
2007-05-17,928.1
2007-05-18,934.05
2007-05-21,930.2
2007-05-22,930.35
2007-05-23,931.45
2007-05-25,928.25
2007-05-28,928.8
2007-05-29,927.65
2007-05-30,931
2007-05-31,927.8
2007-06-01,928.4
2007-06-04,928
2007-06-05,927
2007-06-07,926.75
2007-06-08,931.05
2007-06-11,932.6
2007-06-12,929.55
2007-06-13,931.45
2007-06-14,929.95
2007-06-15,928.35
2007-06-18,928.4
2007-06-19,927.75
2007-06-20,927.8
2007-06-21,927
2007-06-22,928.1
2007-06-25,926.55
2007-06-26,926.3
2007-06-27,927.8
2007-06-28,926.85
2007-06-29,923.9
2007-07-02,921.65
2007-07-03,918
2007-07-04,919.85
2007-07-05,922.05
2007-07-06,919.55
2007-07-09,921
2007-07-10,919.95
2007-07-11,919.25
2007-07-12,918.3
2007-07-13,916.95
2007-07-16,918.2
2007-07-18,916.2
2007-07-19,915.95
2007-07-20,915
2007-07-23,915.15
2007-07-24,914.1
2007-07-25,913.95
2007-07-26,918.25
2007-07-27,921.75
2007-07-30,923.35
2007-07-31,919.3
2007-08-01,925.15
2007-08-02,922.85
2007-08-03,922.85
2007-08-06,923.45
2007-08-07,922.95
2007-08-08,924.1
2007-08-09,922.95
2007-08-10,931.85
2007-08-13,929.7
2007-08-14,932.4
2007-08-16,946.4
2007-08-17,950.45
2007-08-20,942.95
2007-08-21,943.45
2007-08-22,944.1
2007-08-23,941.65
2007-08-24,941.75
2007-08-27,938.65
2007-08-28,939.7
2007-08-29,942
2007-08-30,940.4
2007-08-31,938.3
2007-09-03,937.35
2007-09-04,939.15
2007-09-05,938.05
2007-09-06,939.15
2007-09-07,938.05
2007-09-10,939.05
2007-09-11,936.2
2007-09-12,932.4
2007-09-13,931.5
2007-09-14,928.35
2007-09-17,928.45
2007-09-18,930.7
2007-09-19,926.65
2007-09-20,923.1
2007-09-21,921.05
2007-09-27,920.2
2007-09-28,915.15
2007-10-01,913.65
2007-10-02,913.85
2007-10-04,916.5
2007-10-05,916.6
2007-10-08,914.6
2007-10-09,918.55
2007-10-10,916.25
2007-10-11,917.05
2007-10-12,918.25
2007-10-15,916.95
2007-10-16,917.45
2007-10-17,918.4
2007-10-18,917.7
2007-10-19,915.85
2007-10-22,917.05
2007-10-23,918.05
2007-10-24,917.9
2007-10-25,916.55
2007-10-26,909.5
2007-10-29,906.85
2007-10-30,907
2007-10-31,900.6
2007-11-01,903.55
2007-11-02,907.1
2007-11-05,907.9
2007-11-06,907.8
2007-11-07,906.05
2007-11-08,908.35
2007-11-09,906.75
2007-11-12,911.3
2007-11-13,918.7
2007-11-14,913.55
2007-11-15,915.55
2007-11-16,917.35
2007-11-19,919.05
2007-11-20,922.2
2007-11-21,928.95
2007-11-22,933.5
2007-11-23,930.6
2007-11-26,929.4
2007-11-27,929.3
2007-11-28,931.55
2007-11-29,928.65
2007-11-30,921.15
2007-12-03,925.05
2007-12-04,922.55
2007-12-05,923.3
2007-12-06,922.05
2007-12-07,919.15
2007-12-10,923.6
2007-12-11,923.95
2007-12-12,926.55
2007-12-13,924.85
2007-12-14,930
2007-12-17,933.6
2007-12-18,939.45
2007-12-20,943.65
2007-12-21,940.6
2007-12-24,939.65
2007-12-26,938.95
2007-12-27,940.6
2007-12-28,936.05
2008-01-01,936.1
2008-01-02,936.95
2008-01-03,936.5
2008-01-04,938.45
2008-01-07,940.7
2008-01-08,939.35
2008-01-09,937.4
2008-01-10,937.6
2008-01-11,937.6
2008-01-14,937.4
2008-01-15,935.55
2008-01-16,940.2
2008-01-17,945.55
2008-01-18,943.1
2008-01-21,948.5
2008-01-22,954.05
2008-01-23,952.85
2008-01-24,949.4
2008-01-25,946.65
2008-01-28,949.85
2008-01-29,944.3
2008-01-30,944.6
2008-01-31,943.85
2008-02-01,944.4
2008-02-04,942.8
2008-02-05,943.6
2008-02-06,941.8
2008-02-07,941.8
2008-02-08,941.6
2008-02-11,945.25
2008-02-12,945.6
2008-02-13,945.8
2008-02-14,945.3
2008-02-15,945.05
2008-02-18,945.35
2008-02-19,943.85
2008-02-20,946.3
2008-02-21,948.7
2008-02-22,948.55
2008-02-25,947.1
2008-02-26,947.25
2008-02-27,941.05
2008-02-28,936.9
2008-02-29,939.05
2008-03-03,946.9
2008-03-04,947
2008-03-05,948.4
2008-03-06,949.7
2008-03-07,957.65
2008-03-10,965.3
2008-03-11,970.05
2008-03-12,971.35
2008-03-13,982.3
2008-03-14,997.4
2008-03-17,1024.4
2008-03-18,1009.7
2008-03-19,1009.6
2008-03-20,1009.6
2008-03-21,1003.1
2008-03-24,997.2
2008-03-25,976.15
2008-03-26,986.7
2008-03-27,987.65
2008-03-28,993.1
2008-03-31,990.35
2008-04-01,983.85
2008-04-02,974.6
2008-04-03,975.5
2008-04-04,973.85
2008-04-07,974.95
2008-04-08,976.05
2008-04-09,976.1
2008-04-10,976.4
2008-04-11,975.75
2008-04-14,979.65
2008-04-15,986.85
2008-04-16,989.5
2008-04-17,991.9
2008-04-18,998.05
2008-04-21,991.55
2008-04-22,997.15
2008-04-23,990.95
2008-04-24,996.4
2008-04-25,995.8
2008-04-28,996.55
2008-04-29,1004
2008-04-30,1003
2008-05-01,1009.25
2008-05-02,1010
2008-05-05,1006.5
2008-05-06,1007.25
2008-05-07,1032.75
2008-05-08,1040.5
2008-05-09,1044.25
2008-05-12,1041.75
2008-05-13,1045.5
2008-05-14,1047.5
2008-05-15,1041.25
2008-05-16,1037.25
2008-05-19,1038
2008-05-20,1050.5
2008-05-21,1036.5
2008-05-22,1039.5
2008-05-23,1045.75
2008-05-26,1048.7
2008-05-27,1046
2008-05-28,1032
2008-05-29,1035.5
2008-05-30,1028.25
2008-06-02,1033.75
2008-06-03,1012
2008-06-04,1023.25
2008-06-05,1023.75
2008-06-06,1031.25
2008-06-09,1033.5
2008-06-10,1027
2008-06-11,1030.5
2008-06-12,1033.75
2008-06-13,1044.25
2008-06-16,1043.5
2008-06-17,1018.75
2008-06-18,1024.75
2008-06-19,1032.5
2008-06-20,1030.75
2008-06-23,1024
2008-06-24,1029
2008-06-25,1034.75
2008-06-26,1042.75
2008-06-27,1043.25
2008-06-30,1051
2008-07-01,1049
2008-07-02,1037
2008-07-03,1045
2008-07-04,1048.85
2008-07-07,1039.5
2008-07-08,1026.25
2008-07-09,1004.8
2008-07-10,1002.875
2008-07-11,1002.4
2008-07-14,1004.525
2008-07-15,1008.075
2008-07-16,1006.75
2008-07-17,1008.5
2008-07-18,1013.25
2008-07-21,1019
2008-07-22,1017.65
2008-07-23,1009.25
2008-07-24,1010
2008-07-25,1007.5
2008-07-28,1006.25
2008-07-29,1004.25
2008-07-30,1014.5
2008-07-31,1012.25
2008-08-01,1016
2008-08-04,1017.5
2008-08-05,1014
2008-08-06,1015.8
2008-08-07,1016.5
2008-08-08,1029.25
2008-08-11,1029.25
2008-08-12,1033.75
2008-08-13,1039.75
2008-08-14,1040
2008-08-15,1039.5
2008-08-18,1038.5
2008-08-19,1053.25
2008-08-20,1043.75
2008-08-21,1049.75
2008-08-22,1063.5
2008-08-25,1075.75
2008-08-26,1086.5
2008-08-27,1084.5
2008-08-28,1085
2008-08-29,1089.25
2008-09-01,1116
2008-09-02,1131.5
2008-09-03,1148.55
2008-09-04,1130.75
2008-09-05,1117.95
2008-09-08,1081.1
2008-09-09,1095
2008-09-10,1091.5
2008-09-11,1106.25
2008-09-12,1106.75
2008-09-15,1111.5
2008-09-16,1159.5
2008-09-17,1116.25
2008-09-18,1154
2008-09-19,1139.7
2008-09-22,1134.75
2008-09-23,1148.6
2008-09-24,1154.3
2008-09-25,1158.3
2008-09-26,1161.1
2008-09-29,1185.5
2008-09-30,1206.95
2008-10-01,1187.4
2008-10-02,1223.75
2008-10-03,1223.75
2008-10-06,1269
2008-10-07,1329.9
2008-10-08,1395
2008-10-09,1382.5
2008-10-10,1307.6
2008-10-13,1240.45
2008-10-14,1206.65
2008-10-15,1238.8
2008-10-16,1372.05
2008-10-17,1334.5
2008-10-20,1310.5
2008-10-21,1320.2
2008-10-22,1362.55
2008-10-23,1409.05
2008-10-24,1430
2008-10-27,1460
2008-10-28,1462.3
2008-10-29,1388.5
2008-10-30,1244.55
2008-10-31,1282.5
2008-11-03,1263
2008-11-04,1269.5
2008-11-05,1268.05
2008-11-06,1331.8
2008-11-07,1326.05
2008-11-10,1330
2008-11-11,1330
2008-11-12,1357.55
2008-11-13,1391.3
2008-11-14,1399.95
2008-11-17,1408.5
2008-11-18,1448.5
2008-11-19,1446.85
2008-11-20,1497.85
2008-11-21,1494.7
2008-11-24,1511.5
2008-11-25,1502.3
2008-11-26,1478.25
2008-11-27,1476.45
2008-11-28,1469
2008-12-01,1440.5
2008-12-02,1464.5
2008-12-03,1469.5
2008-12-04,1484.55
2008-12-05,1476
2008-12-08,1449.5
2008-12-09,1433.55
2008-12-10,1394
2008-12-11,1356.5
2008-12-12,1371.35
2008-12-15,1363.5
2008-12-16,1349.55
2008-12-17,1325
2008-12-18,1285.5
2008-12-19,1287.05
2008-12-22,1309
2008-12-23,1337
2008-12-24,1306.8
2008-12-25,1306.8
2008-12-26,1299.55
2008-12-29,1263
2008-12-30,1259.55
2008-12-31,1263
2009-01-01,1263
2009-01-02,1321
2009-01-05,1315
2009-01-06,1312
2009-01-07,1292.7
2009-01-08,1330
2009-01-09,1348.5
2009-01-12,1354.55
2009-01-13,1354
2009-01-14,1354
2009-01-15,1393
2009-01-16,1353
2009-01-19,1360.5
2009-01-20,1370
2009-01-21,1370
2009-01-22,1374.3
2009-01-23,1390.9
2009-01-26,1390.9
2009-01-27,1391
2009-01-28,1373
2009-01-29,1374.5
2009-01-30,1381.5
2009-02-02,1392.5
2009-02-03,1396
2009-02-04,1378.6
2009-02-05,1375
2009-02-06,1370.2
2009-02-09,1378
2009-02-10,1389
2009-02-11,1395.5
2009-02-12,1400
2009-02-13,1405
2009-02-16,1427.7
2009-02-17,1455.3
2009-02-18,1465
2009-02-19,1481.95
2009-02-20,1520
2009-02-23,1500.35
2009-02-24,1516.6
2009-02-25,1516.1
2009-02-26,1517.3
2009-02-27,1533.45
2009-03-02,1570.65
2009-03-03,1551.9
2009-03-04,1551.25
2009-03-05,1567.95
2009-03-06,1546
2009-03-09,1547
2009-03-10,1502.625
2009-03-11,1467
2009-03-12,1496.7
2009-03-13,1486
2009-03-16,1436
2009-03-17,1417.5
2009-03-18,1416
2009-03-19,1399.5
2009-03-20,1401.3
2009-03-23,1387.15
2009-03-24,1386.65
2009-03-25,1357.425
2009-03-26,1331.55
2009-03-27,1345
2009-03-30,1396.75
2009-03-31,1374.05
2009-04-01,1373.5
2009-04-02,1330.5
2009-04-03,1337
2009-04-06,1305.5
2009-04-07,1318.5
2009-04-08,1350.5
2009-04-09,1322
2009-04-10,1329
2009-04-13,1325
2009-04-14,1321
2009-04-15,1334
2009-04-16,1332.5
2009-04-17,1328
2009-04-20,1331
2009-04-21,1350.75
2009-04-22,1347
2009-04-23,1344
2009-04-24,1339.2
2009-04-27,1339.4
2009-04-28,1352.8
2009-04-29,1336.7
2009-04-30,1278
2009-05-01,1278
2009-05-04,1268.5
2009-05-05,1268.5
2009-05-06,1273
2009-05-07,1258.3
2009-05-08,1243.125
2009-05-11,1233.9
2009-05-12,1239
2009-05-13,1240
2009-05-14,1262.5
2009-05-15,1253
2009-05-18,1261.25
2009-05-19,1245.5
2009-05-20,1247
2009-05-21,1245.8
2009-05-22,1244.8
2009-05-25,1245.2
2009-05-26,1266
2009-05-27,1265.4
2009-05-28,1261.6
2009-05-29,1258.25
2009-06-01,1233.2
2009-06-02,1235
2009-06-03,1247.05
2009-06-04,1247.5
2009-06-05,1252.35
2009-06-08,1248.375
2009-06-09,1263.25
2009-06-10,1259
2009-06-11,1251.55
2009-06-12,1252.5
2009-06-15,1258
2009-06-16,1256.5
2009-06-17,1264.7
2009-06-18,1265
2009-06-19,1268.95
2009-06-22,1283.4
2009-06-23,1286.35
2009-06-24,1277.5
2009-06-25,1285.85
2009-06-26,1280.6
2009-06-29,1282.7
2009-06-30,1274.8
2009-07-01,1259.2
2009-07-02,1275.5
2009-07-03,1265.9
2009-07-06,1271.75
2009-07-07,1273.65
2009-07-08,1280.35
2009-07-09,1278.2
2009-07-10,1288.9
2009-07-13,1309.5
2009-07-14,1295.7
2009-07-15,1272.5
2009-07-16,1266.5
2009-07-17,1257.5
2009-07-20,1244.5
2009-07-21,1252.4
2009-07-22,1251.6
2009-07-23,1247.7
2009-07-24,1246
2009-07-27,1242.9
2009-07-28,1241
2009-07-29,1244.3
2009-07-30,1232.5
2009-07-31,1222.7
2009-08-03,1214.5
2009-08-04,1219.45
2009-08-05,1226
2009-08-06,1225.5
2009-08-07,1224.5
2009-08-10,1229.25
2009-08-11,1243.2
2009-08-12,1242.5
2009-08-13,1235.25
2009-08-14,1240
2009-08-17,1259
2009-08-18,1248
2009-08-19,1251.5
2009-08-20,1245.5
2009-08-21,1245.7
2009-08-24,1241
2009-08-25,1249.95
2009-08-26,1241
2009-08-27,1247.8
2009-08-28,1247.2
2009-08-31,1249.5
2009-09-01,1247.5
2009-09-02,1244.8
2009-09-03,1245.5
2009-09-04,1237
2009-09-07,1233.365
2009-09-08,1224
2009-09-09,1224
2009-09-10,1225
2009-09-11,1221.5
2009-09-14,1225
2009-09-15,1218.4
2009-09-16,1206
2009-09-17,1207
2009-09-18,1207.5
2009-09-21,1208
2009-09-22,1197.5
2009-09-23,1192.5
2009-09-24,1191.7
2009-09-25,1186.25
2009-09-28,1193.5
2009-09-29,1188.5
2009-09-30,1176.5
2009-10-01,1174.3
2009-10-02,1183.5
2009-10-05,1166
2009-10-06,1166.3
2009-10-07,1168
2009-10-08,1164.5
2009-10-09,1164.8
2009-10-12,1167.9
2009-10-13,1167
2009-10-14,1158.5
2009-10-15,1158
2009-10-16,1167.1
2009-10-19,1168.075
2009-10-20,1164.72
2009-10-21,1177.4
2009-10-22,1189.5
2009-10-23,1189.15
2009-10-26,1180.9
2009-10-27,1190.5
2009-10-28,1185.65
2009-10-29,1185.7
2009-10-30,1186.6
2009-11-02,1186.5
2009-11-03,1191.6
2009-11-04,1173.4
2009-11-05,1175.8
2009-11-06,1168.1
2009-11-09,1155.1
2009-11-10,1158.2
2009-11-11,1157
2009-11-12,1161
2009-11-13,1156.8
2009-11-16,1150.5
2009-11-17,1155.1
2009-11-18,1154
2009-11-19,1162.5
2009-11-20,1158.9
2009-11-23,1152.25
2009-11-24,1154.95
2009-11-25,1154
2009-11-26,1159.35
2009-11-27,1175
2009-11-30,1163.4
2009-12-01,1156
2009-12-02,1153
2009-12-03,1150.5
2009-12-04,1151.5
2009-12-07,1157.5
2009-12-08,1156.22
2009-12-09,1160.5
2009-12-10,1165.5
2009-12-11,1164
2009-12-14,1160.5
2009-12-15,1159.395
2009-12-16,1165.3
2009-12-17,1175.875
2009-12-18,1174.175
2009-12-21,1185.65
2009-12-22,1180.5
2009-12-23,1177.5
2009-12-24,1175.07
2009-12-25,1175.07
2009-12-28,1169.5
2009-12-29,1167
2009-12-30,1167.25
2009-12-31,1166.075
2010-01-01,1166.075
2010-01-04,1150
2010-01-05,1140.2
2010-01-06,1129.2
2010-01-07,1138.2
2010-01-08,1128.25
2010-01-11,1120.5
2010-01-12,1120.75
2010-01-13,1123
2010-01-14,1123
2010-01-15,1123.5
2010-01-18,1124.6
2010-01-19,1130.3
2010-01-20,1144.3
2010-01-21,1145
2010-01-22,1154
2010-01-25,1147
2010-01-26,1157.5
2010-01-27,1161.3
2010-01-28,1150.3
2010-01-29,1158.9
2010-02-01,1166.25
2010-02-02,1160
2010-02-03,1148.7
2010-02-04,1146.9
2010-02-05,1169.95
2010-02-08,1172.45
2010-02-09,1156.95
2010-02-10,1162
2010-02-11,1153.2
2010-02-12,1152.5
2010-02-15,1147.3
2010-02-16,1147
2010-02-17,1144.5
2010-02-18,1145.7
2010-02-19,1152.7
2010-02-22,1149.5
2010-02-23,1158.2
2010-02-24,1156.75
2010-02-25,1164.2
2010-02-26,1160
2010-03-01,1154
2010-03-02,1145
2010-03-03,1142.25
2010-03-04,1144
2010-03-05,1140.5
2010-03-08,1132.5
2010-03-09,1135.155
2010-03-10,1129.57
2010-03-11,1132.6
2010-03-12,1129.04
2010-03-15,1134.7
2010-03-16,1134.5
2010-03-17,1128.8
2010-03-18,1134.6
2010-03-19,1133.585
2010-03-22,1135.7
2010-03-23,1136.5
2010-03-24,1138
2010-03-25,1142.5
2010-03-26,1139
2010-03-29,1135.5
2010-03-30,1131.7
2010-03-31,1132.8
2010-04-01,1126.35
2010-04-02,1126
2010-04-05,1123
2010-04-06,1124.55
2010-04-07,1122.55
2010-04-08,1123.5
2010-04-09,1117.5
2010-04-12,1115.55
2010-04-13,1123.9
2010-04-14,1111.75
2010-04-15,1109.75
2010-04-16,1110.5
2010-04-19,1118.4
2010-04-20,1117.95
2010-04-21,1107.75
2010-04-22,1108.4
2010-04-23,1108.95
2010-04-26,1104.45
2010-04-27,1110.5
2010-04-28,1119
2010-04-29,1114.95
2010-04-30,1108.5
2010-05-03,1118.55
2010-05-04,1115.5
2010-05-05,1115.5
2010-05-06,1141.15
2010-05-07,1155.45
2010-05-10,1132.05
2010-05-11,1134.75
2010-05-12,1135.05
2010-05-13,1130.5
2010-05-14,1131
2010-05-17,1153.25
2010-05-18,1146.5
2010-05-19,1164.9
2010-05-20,1194.25
2010-05-21,1194
2010-05-24,1214.65
2010-05-25,1251.5
2010-05-26,1253.5
2010-05-27,1223.95
2010-05-28,1195
2010-05-31,1202.125
2010-06-01,1216.5
2010-06-02,1217
2010-06-03,1199
2010-06-04,1201.7
2010-06-07,1235.615
2010-06-08,1233.995
2010-06-09,1247.8
2010-06-10,1250.9
2010-06-11,1246.15
2010-06-14,1221.3
2010-06-15,1229.5
2010-06-16,1211.5
2010-06-17,1212.9
2010-06-18,1206.66
2010-06-21,1177.05
2010-06-22,1184
2010-06-23,1188
2010-06-24,1189
2010-06-25,1215.75
2010-06-28,1203.85
2010-06-29,1217.85
2010-06-30,1223.25
2010-07-01,1228
2010-07-02,1229.8
2010-07-05,1223.3
2010-07-06,1222.5
2010-07-07,1221.3
2010-07-08,1209
2010-07-09,1198
2010-07-12,1204.35
2010-07-13,1213
2010-07-14,1202.55
2010-07-15,1202.5
2010-07-16,1203.5
2010-07-19,1214.95
2010-07-20,1207.4
2010-07-21,1204.375
2010-07-22,1204
2010-07-23,1198.875
2010-07-26,1191.15
2010-07-27,1182.95
2010-07-28,1186
2010-07-29,1186.35
2010-07-30,1182.75
2010-08-02,1173.5
2010-08-03,1168.2
2010-08-04,1167.5
2010-08-05,1167.25
2010-08-06,1161.5
2010-08-09,1160.5
2010-08-10,1168.75
2010-08-11,1182.5
2010-08-12,1186.5
2010-08-13,1183.85
2010-08-16,1187.25
2010-08-17,1176.2
2010-08-18,1174.15
2010-08-19,1173.115
2010-08-20,1184.165
2010-08-23,1182.315
2010-08-24,1192.5
2010-08-25,1197.115
2010-08-26,1191.065
2010-08-27,1196.065
2010-08-30,1192.5
2010-08-31,1199
2010-09-01,1184.5
2010-09-02,1180
2010-09-03,1174
2010-09-06,1172.115
2010-09-07,1178
2010-09-08,1172.25
2010-09-09,1167.715
2010-09-10,1165.815
2010-09-13,1160
2010-09-14,1160.25
2010-09-15,1159.3
2010-09-16,1162.8
2010-09-17,1160.965
2010-09-20,1162.5
2010-09-21,1160.5
2010-09-22,1150.115
2010-09-23,1151.365
2010-09-24,1155.165
2010-09-27,1146.5
2010-09-28,1146
2010-09-29,1139.5
2010-09-30,1140.25
2010-10-01,1131
2010-10-04,1122.5
2010-10-05,1123.5
2010-10-06,1118.365
2010-10-07,1116.5
2010-10-08,1121.5
2010-10-11,1117.65
2010-10-12,1131.125
2010-10-13,1119.5
2010-10-14,1112.5
2010-10-15,1111.25
2010-10-18,1117.5
2010-10-19,1127.55
2010-10-20,1122.5
2010-10-21,1129.25
2010-10-22,1126.3
2010-10-25,1115.85
2010-10-26,1125.5
2010-10-27,1132.5
2010-10-28,1123.75
2010-10-29,1124.5
2010-11-01,1118.59
2010-11-02,1111.5
2010-11-03,1108.64
2010-11-04,1107.515
2010-11-05,1108.1
2010-11-08,1116
2010-11-09,1117
2010-11-10,1110.6
2010-11-11,1111.5
2010-11-12,1127.45
2010-11-15,1135.5
2010-11-16,1130.8
2010-11-17,1142.5
2010-11-18,1130.9
2010-11-19,1132.15
2010-11-22,1127
2010-11-23,1164.5
2010-11-24,1147.95
2010-11-25,1142.15
2010-11-26,1155.95
2010-11-29,1165.5
2010-11-30,1158
2010-12-01,1150
2010-12-02,1150
2010-12-03,1137.75
2010-12-06,1138.45
2010-12-07,1132.5
2010-12-08,1143
2010-12-09,1139
2010-12-10,1143.5
2010-12-13,1145.9
2010-12-14,1139.25
2010-12-15,1155.25
2010-12-16,1155.25
2010-12-17,1156.05
2010-12-20,1155.1
2010-12-21,1156.15
2010-12-22,1154.3
2010-12-23,1152.3
2010-12-24,1150.95
2010-12-27,1149.1
2010-12-28,1144.5
2010-12-29,1146.5
2010-12-30,1130.95
2010-12-31,1121.25
2011-01-03,1124.65
2011-01-04,1125.5
2011-01-05,1123.5
2011-01-06,1123.2
2011-01-07,1122.2
2011-01-10,1127.5
2011-01-11,1126
2011-01-12,1111.5
2011-01-13,1112.5
2011-01-14,1115.05
2011-01-17,1115.5
2011-01-18,1113
2011-01-19,1112.6
2011-01-20,1124.5
2011-01-21,1118.5
2011-01-24,1118.5
2011-01-25,1121
2011-01-26,1116.5
2011-01-27,1114.45
2011-01-28,1115.95
2011-01-31,1119.875
2011-02-01,1113.95
2011-02-02,1113.95
2011-02-03,1113.95
2011-02-04,1113.95
2011-02-07,1103.5
2011-02-08,1101
2011-02-09,1110.65
2011-02-10,1119
2011-02-11,1126.65
2011-02-14,1124
2011-02-15,1123.8
2011-02-16,1117.8
2011-02-17,1114.85
2011-02-18,1112.4
2011-02-21,1119.35
2011-02-22,1129.8
2011-02-23,1130.2
2011-02-24,1131.25
2011-02-25,1127
2011-02-28,1125.35
2011-03-01,1126.75
2011-03-02,1123.5
2011-03-03,1115.9
2011-03-04,1117.85
2011-03-07,1119.35
2011-03-08,1115.95
2011-03-09,1114.7
2011-03-10,1127.45
2011-03-11,1126.35
2011-03-14,1125
2011-03-15,1135.05
2011-03-16,1137.95
2011-03-17,1135.45
2011-03-18,1125.45
2011-03-21,1121.45
2011-03-22,1121
2011-03-23,1122.9
2011-03-24,1118.95
2011-03-25,1111.05
2011-03-28,1114.1
2011-03-29,1111.5
2011-03-30,1103.45
2011-03-31,1096.5
2011-04-01,1087.05
2011-04-04,1088.45
2011-04-05,1087.5
2011-04-06,1085.85
2011-04-07,1087.6
2011-04-08,1082.5
2011-04-11,1088.25
2011-04-12,1092
2011-04-13,1086.55
2011-04-14,1086.3
2011-04-15,1088
2011-04-18,1088.5
2011-04-19,1085.45
2011-04-20,1078.7
2011-04-21,1080.95
2011-04-22,1081.05
2011-04-25,1082.275
2011-04-26,1083
2011-04-27,1077.55
2011-04-28,1073.4
2011-04-29,1068.5
2011-05-02,1065.95
2011-05-03,1073.5
2011-05-04,1076.75
2011-05-05,1081.75
2011-05-06,1085.55
2011-05-09,1081.5
2011-05-10,1080.5
2011-05-11,1076.5
2011-05-12,1088.5
2011-05-13,1086.95
2011-05-16,1091.85
2011-05-17,1088.5
2011-05-18,1088.5
2011-05-19,1086.5
2011-05-20,1082.8
2011-05-23,1097.95
2011-05-24,1093.4
2011-05-25,1101.5
2011-05-26,1089.5
2011-05-27,1082.4
2011-05-30,1080.15
2011-05-31,1078.5
2011-06-01,1078.35
2011-06-02,1081.25
2011-06-03,1077.5
2011-06-06,1080
2011-06-07,1077.4
2011-06-08,1084
2011-06-09,1080.95
2011-06-10,1084.5
2011-06-13,1086.95
2011-06-14,1081.25
2011-06-15,1087.65
2011-06-16,1091.85
2011-06-17,1085.95
2011-06-20,1083.4
2011-06-21,1075.4
2011-06-22,1074.3
2011-06-23,1080.5
2011-06-24,1078.85
2011-06-27,1083.6
2011-06-28,1080.75
2011-06-29,1073
2011-06-30,1067
2011-07-01,1065.25
2011-07-04,1063.45
2011-07-05,1066.85
2011-07-06,1065.95
2011-07-07,1064
2011-07-08,1056.95
2011-07-11,1058
2011-07-12,1065
2011-07-13,1056.8
2011-07-14,1058
2011-07-15,1058.55
2011-07-18,1060.55
2011-07-19,1056.85
2011-07-20,1054.4
2011-07-21,1051.15
2011-07-22,1050.875
2011-07-25,1054.9
2011-07-26,1049.4
2011-07-27,1053.95
2011-07-28,1053.5
2011-07-29,1054.3
2011-08-01,1050
2011-08-02,1053.1
2011-08-03,1058.05
2011-08-04,1061.7
2011-08-05,1067.4
2011-08-08,1085.85
2011-08-09,1085.7
2011-08-10,1083.65
2011-08-11,1078.45
2011-08-12,1079.05
2011-08-15,1068.55
2011-08-16,1071.25
2011-08-17,1068.8
2011-08-18,1083.3
2011-08-19,1087.35
2011-08-22,1083.55
2011-08-23,1078
2011-08-24,1083.5
2011-08-25,1089.5
2011-08-26,1080
2011-08-29,1074.2
2011-08-30,1070.85
2011-08-31,1065.4
2011-09-01,1064.4
2011-09-02,1065.6
2011-09-05,1069.6
2011-09-06,1074.65
2011-09-07,1069.65
2011-09-08,1076
2011-09-09,1077.5
2011-09-12,1077.25
2011-09-13,1077.25
2011-09-14,1107.15
2011-09-15,1114
2011-09-16,1112.5
2011-09-19,1139.95
2011-09-20,1144.5
2011-09-21,1149.85
2011-09-22,1179.85
2011-09-23,1165.5
2011-09-26,1182
2011-09-27,1169.8
2011-09-28,1175.1
2011-09-29,1174.55
2011-09-30,1181.1
2011-10-03,1180.5
2011-10-04,1198.9
2011-10-05,1187
2011-10-06,1183.95
2011-10-07,1171
2011-10-10,1167.95
2011-10-11,1171.5
2011-10-12,1165
2011-10-13,1158.75
2011-10-14,1156.1
2011-10-17,1148.5
2011-10-18,1149.75
2011-10-19,1134
2011-10-20,1147.5
2011-10-21,1147.35
2011-10-24,1132.55
2011-10-25,1131.05
2011-10-26,1133.5
2011-10-27,1106.6
2011-10-28,1103
2011-10-31,1112.35
2011-11-01,1122.3
2011-11-02,1122.15
2011-11-03,1127.65
2011-11-04,1110.75
2011-11-07,1116.25
2011-11-08,1114.55
2011-11-09,1119.1
2011-11-10,1132.35
2011-11-11,1126.6
2011-11-14,1127.3
2011-11-15,1129
2011-11-16,1136.65
2011-11-17,1133.65
2011-11-18,1139.25
2011-11-21,1143.75
2011-11-22,1144.65
2011-11-23,1160.7
2011-11-24,1155.65
2011-11-25,1162.5
2011-11-28,1153
2011-11-29,1140
2011-11-30,1140.55
2011-12-01,1127.05
2011-12-02,1128.5
2011-12-05,1125
2011-12-06,1129
2011-12-07,1129.625
2011-12-08,1134.05
2011-12-09,1146.8
2011-12-12,1149.7
2011-12-13,1158
2011-12-14,1159
2011-12-15,1157.25
2011-12-16,1158.65
2011-12-19,1176.25
2011-12-20,1158
2011-12-21,1151.3
2011-12-22,1154.5
2011-12-23,1149.5
2011-12-26,1155
2011-12-27,1156.15
2011-12-28,1157.5
2011-12-29,1157
2011-12-30,1159.25
2012-01-02,1155.8
2012-01-03,1150.8
2012-01-04,1148.6
2012-01-05,1152.7
2012-01-06,1162.9
2012-01-09,1163.6
2012-01-10,1156.5
2012-01-11,1158.7
2012-01-12,1158.2
2012-01-13,1148.3
2012-01-16,1154.7
2012-01-17,1145.5
2012-01-18,1141.8
2012-01-19,1137.1
2012-01-20,1134.3
2012-01-23,1128.15
2012-01-24,1130.05
2012-01-25,1125.9
2012-01-26,1122
2012-01-27,1123.2
2012-01-30,1127.3
2012-01-31,1123.3
2012-02-01,1126.3
2012-02-02,1118.4
2012-02-03,1118.3
2012-02-06,1120.8
2012-02-07,1122.6
2012-02-08,1123.5
2012-02-09,1125.6
2012-02-10,1131.9
2012-02-13,1121.5
2012-02-14,1123.9
2012-02-15,1121.9
2012-02-16,1123.8
2012-02-17,1115.6
2012-02-20,1115.8
2012-02-21,1118.7
2012-02-22,1126
2012-02-23,1129
2012-02-24,1125.8
2012-02-27,1129.05
2012-02-28,1124.6
2012-02-29,1118.65
2012-03-02,1115.6
2012-03-05,1118.55
2012-03-06,1122.85
2012-03-07,1124.85
2012-03-08,1118.35
2012-03-09,1117.75
2012-03-12,1124.05
2012-03-13,1121.6
2012-03-14,1126.25
2012-03-15,1127.8
2012-03-16,1125.9
2012-03-19,1122.25
2012-03-20,1124.95
2012-03-21,1129.5
2012-03-22,1129.5
2012-03-23,1135.35
2012-03-26,1141.55
2012-03-27,1134.25
2012-03-28,1135.45
2012-03-29,1136.9
2012-03-30,1133.05
2012-04-02,1127.85
2012-04-03,1121.8
2012-04-04,1129.5
2012-04-05,1127.35
2012-04-06,1131.7
2012-04-09,1138.3
2012-04-10,1139.65
2012-04-12,1140.65
2012-04-13,1134.75
2012-04-16,1138.55
2012-04-17,1140.6
2012-04-18,1137.3
2012-04-19,1138.15
2012-04-20,1139.5
2012-04-23,1139.35
2012-04-24,1140.85
2012-04-25,1141.3
2012-04-26,1136.15
2012-04-27,1135.15
2012-04-30,1130.05
2012-05-02,1127.45
2012-05-03,1129
2012-05-04,1131.35
2012-05-07,1138.45
2012-05-08,1135.65
2012-05-09,1140.4
2012-05-10,1142.45
2012-05-11,1146.65
2012-05-14,1149.1
2012-05-15,1154.1
2012-05-16,1165.7
2012-05-17,1162.85
2012-05-18,1172.9
2012-05-21,1168.85
2012-05-22,1163.25
2012-05-23,1172.85
2012-05-24,1180.4
2012-05-25,1185.7
2012-05-29,1174.85
2012-05-30,1176.3
2012-05-31,1180.35
2012-06-01,1177.7
2012-06-04,1181.95
2012-06-05,1180.05
2012-06-07,1171.5
2012-06-08,1175.3
2012-06-11,1165.85
2012-06-12,1170.55
2012-06-13,1168.45
2012-06-14,1166.35
2012-06-15,1165.55
2012-06-18,1157.05
2012-06-19,1156.45
2012-06-20,1151
2012-06-21,1151.65
2012-06-22,1156.85
2012-06-25,1161.75
2012-06-26,1158.4
2012-06-27,1156.25
2012-06-28,1154.25
2012-06-29,1145.4
2012-07-02,1146.05
2012-07-03,1138.25
2012-07-04,1135.8
2012-07-05,1135.05
2012-07-06,1137.8
2012-07-09,1141.3
2012-07-10,1143.65
2012-07-11,1140.95
2012-07-12,1151.5
2012-07-13,1150.4
2012-07-16,1146.95
2012-07-17,1143.65
2012-07-18,1142.5
2012-07-19,1139.1
2012-07-20,1141.25
2012-07-23,1146.7
2012-07-24,1146.15
2012-07-25,1151.1
2012-07-26,1146.85
2012-07-27,1138.35
2012-07-30,1137.55
2012-07-31,1130.65
2012-08-01,1126.6
2012-08-02,1131.8
2012-08-03,1134.75
2012-08-06,1129.15
2012-08-07,1128.85
2012-08-08,1128.2
2012-08-09,1125.55
2012-08-10,1130.4
2012-08-13,1131.1
2012-08-14,1129.65
2012-08-16,1133.95
2012-08-17,1134.3
2012-08-20,1135.55
2012-08-21,1131.05
2012-08-22,1136
2012-08-23,1130.55
2012-08-24,1134.05
2012-08-27,1135.35
2012-08-28,1136.85
2012-08-29,1133.45
2012-08-30,1133.95
2012-08-31,1134.65
2012-09-03,1131.05
2012-09-04,1133.2
2012-09-05,1135.95
2012-09-06,1133.85
2012-09-07,1130.25
2012-09-10,1129.4
2012-09-11,1128.15
2012-09-12,1126.35
2012-09-13,1128.35
2012-09-14,1116.8
2012-09-17,1115.95
2012-09-18,1118.35
2012-09-19,1114.85
2012-09-20,1123.05
2012-09-21,1119.15
2012-09-24,1120.35
2012-09-25,1119.25
2012-09-26,1121.05
2012-09-27,1116.25
2012-09-28,1111.45
2012-10-02,1112.55
2012-10-04,1113.9
2012-10-05,1111.35
2012-10-08,1112
2012-10-09,1110.7
2012-10-10,1114.65
2012-10-11,1114.3
2012-10-12,1111.25
2012-10-15,1110.55
2012-10-16,1107.15
2012-10-17,1105.5
2012-10-18,1104.3
2012-10-19,1103.35
2012-10-22,1104.2
2012-10-23,1103.15
2012-10-24,1103.6799
2012-10-25,1098.2072
2012-10-26,1096.95
2012-10-29,1095.9
2012-10-30,1091.45
2012-10-31,1090.75
2012-11-01,1092.25
2012-11-02,1090.85
2012-11-05,1091.25
2012-11-06,1090.65
2012-11-07,1085.45
2012-11-08,1089.4
2012-11-09,1087.7
2012-11-10,1087.7
2012-11-11,1087.7
2012-11-12,1088.55
2012-11-13,1089.9
2012-11-14,1084.95
2012-11-15,1086.75
2012-11-16,1092.25
2012-11-19,1087
2012-11-20,1082.25
2012-11-21,1083.35
2012-11-22,1085.9
2012-11-23,1086.25
2012-11-26,1085.45
2012-11-27,1084.1
2012-11-28,1086.45
2012-11-29,1084.15
2012-11-30,1082.95
2012-12-03,1083.1
2012-12-04,1083.45
2012-12-05,1081.65
2012-12-06,1083.15
2012-12-07,1081.65
2012-12-10,1079.1
2012-12-11,1076.75
2012-12-12,1075
2012-12-13,1073.05
2012-12-14,1074.65
2012-12-17,1072.45
2012-12-18,1073
2012-12-20,1074.65
2012-12-21,1074.4
2012-12-24,1074.15
2012-12-26,1073.25
2012-12-27,1072.15
2012-12-28,1070.55
2012-12-31,1070.55
2013-01-02,1063.5
2013-01-03,1061.6
2013-01-04,1063.65
2013-01-07,1063.75
2013-01-08,1062.9
2013-01-09,1061.65
2013-01-10,1060.4
2013-01-11,1054.75
2013-01-14,1056.2
2013-01-15,1056.45
2013-01-16,1058.75
2013-01-17,1058.15
2013-01-18,1057.25
2013-01-21,1062.9
2013-01-22,1062.25
2013-01-23,1066.25
2013-01-24,1068.7
2013-01-25,1074.45
2013-01-28,1093.8
2013-01-29,1082.6
2013-01-30,1085.55
2013-01-31,1088.95
2013-02-01,1097.5
2013-02-04,1084.65
2013-02-05,1087.05
2013-02-06,1087.95
2013-02-07,1088.3
2013-02-08,1095.65
2013-02-12,1090.75
2013-02-13,1086.75
2013-02-14,1083.8
2013-02-15,1078.3
2013-02-18,1082.05
2013-02-19,1081.15
2013-02-20,1078.35
2013-02-21,1086.1
2013-02-22,1084.65
2013-02-25,1086.25
2013-02-26,1088
2013-02-27,1084.45
2013-02-28,1082.9
2013-03-01,1082.9
2013-03-04,1093.15
2013-03-05,1087
2013-03-06,1082.6
2013-03-07,1087.05
2013-03-08,1090.3
2013-03-11,1094.75
2013-03-12,1095.15
2013-03-13,1097.45
2013-03-14,1109.1
2013-03-15,1110.5
2013-03-18,1114.7
2013-03-19,1111.7
2013-03-20,1116.2
2013-03-21,1115.75
2013-03-22,1119.35
2013-03-25,1110.75
2013-03-26,1105.8
2013-03-27,1111.65
2013-03-28,1112.6
2013-03-29,1111.3
2013-04-01,1114.8
2013-04-02,1118.15
2013-04-03,1117.6
2013-04-04,1123.75
2013-04-05,1131.65
2013-04-08,1140.15
2013-04-09,1139.45
2013-04-10,1135.75
2013-04-11,1129.05
2013-04-12,1129.15
2013-04-15,1120.65
2013-04-16,1115.05
2013-04-17,1118.4682
2013-04-18,1123.8
2013-04-19,1116.25
2013-04-22,1118.95
2013-04-23,1121.05
2013-04-24,1117.65
2013-04-25,1112.15
2013-04-26,1112.3
2013-04-29,1107.25
2013-04-30,1101.3
2013-05-02,1101.55
2013-05-03,1097.1
2013-05-06,1094.45
2013-05-07,1091.4
2013-05-08,1086.35
2013-05-09,1091.3
2013-05-10,1106.05
2013-05-13,1111.65
2013-05-14,1106.65
2013-05-15,1114.6
2013-05-16,1116.4
2013-05-20,1116.8
2013-05-21,1110.7
2013-05-22,1113.95
2013-05-23,1128.65
2013-05-24,1127.3
2013-05-27,1122.35
2013-05-28,1126.85
2013-05-29,1133
2013-05-30,1127.45
2013-05-31,1129.7
2013-06-03,1128
2013-06-04,1122.25
2013-06-05,1115.9
2013-06-07,1117.15
2013-06-10,1127.35
2013-06-11,1133.95
2013-06-12,1133.65
2013-06-13,1134.4
2013-06-14,1126.6
2013-06-17,1126.25
2013-06-18,1131.05
2013-06-19,1130.8
2013-06-20,1145.75
2013-06-21,1154.75
2013-06-24,1161.45
2013-06-25,1160.15
2013-06-26,1154.5
2013-06-27,1149.75
2013-06-28,1142
2013-07-01,1132.35
2013-07-02,1133.9
2013-07-03,1143.75
2013-07-04,1139.25
2013-07-05,1142.25
2013-07-08,1152.25
2013-07-09,1141.7
2013-07-10,1135.75
2013-07-11,1122.15
2013-07-12,1124.5
2013-07-15,1122
2013-07-16,1118
2013-07-17,1121.6
2013-07-18,1126.3
2013-07-19,1121.7
2013-07-22,1118.9
2013-07-23,1117
2013-07-24,1112.7
2013-07-25,1116.1
2013-07-26,1111.1
2013-07-29,1110.5
2013-07-30,1113.8
2013-07-31,1123.5
2013-08-01,1123.5
2013-08-02,1123.6
2013-08-05,1113.8
2013-08-06,1115.5
2013-08-07,1118.7
2013-08-08,1113
2013-08-09,1112.2
2013-08-12,1113.7
2013-08-13,1115.3
2013-08-14,1118.7
2013-08-16,1113.6
2013-08-19,1115.6
2013-08-20,1120.8
2013-08-21,1117.4
2013-08-22,1123
2013-08-23,1116.9
2013-08-26,1112.7
2013-08-27,1116.3
2013-08-28,1115.4
2013-08-29,1109.7
2013-08-30,1110
2013-09-02,1100.5
2013-09-03,1097.9
2013-09-04,1094.5
2013-09-05,1098.4
2013-09-06,1093
2013-09-09,1086.8
2013-09-10,1084.1
2013-09-11,1086.5
2013-09-12,1085
2013-09-13,1087
2013-09-16,1082.2
2013-09-17,1084.1
2013-09-23,1073.8
2013-09-24,1072.2
2013-09-25,1076.7
2013-09-26,1075.1
2013-09-27,1073.7
2013-09-30,1074.7
2013-10-01,1073.5
2013-10-02,1074
2013-10-04,1070.3
2013-10-07,1071.5
2013-10-08,1073.7
2013-10-10,1073.6
2013-10-11,1071.4
2013-10-14,1071.5
2013-10-15,1066.8
2013-10-16,1065.5
2013-10-17,1063.7
2013-10-18,1060.8
2013-10-21,1062.2
2013-10-22,1060.8
2013-10-23,1055.8
2013-10-24,1061
2013-10-25,1061.8
2013-10-28,1061.1
2013-10-29,1060.6
2013-10-30,1060.2
2013-10-31,1060.7
2013-11-01,1060.7
2013-11-04,1062.9
2013-11-05,1061.2
2013-11-06,1060.9
2013-11-07,1061.4
2013-11-08,1064.9
2013-11-11,1072.5
2013-11-12,1071.4
2013-11-13,1072.6
2013-11-14,1067.9
2013-11-15,1063.4
2013-11-18,1057.9
2013-11-19,1056.4
2013-11-20,1057.9
2013-11-21,1062.9
2013-11-22,1060.2
2013-11-25,1061.9
2013-11-26,1059.9
2013-11-27,1061.1
2013-11-28,1061.5
2013-11-29,1058.2
2013-12-02,1057.2
2013-12-03,1061.2
2013-12-04,1060.5
2013-12-05,1059.6
2013-12-06,1058
2013-12-09,1053
2013-12-10,1052.2
2013-12-11,1052.1
2013-12-12,1051
2013-12-13,1052.6
2013-12-16,1051.5
2013-12-17,1051.1
2013-12-18,1051.3
2013-12-19,1060.1
2013-12-20,1061.2
2013-12-23,1060.7
2013-12-24,1059.3
2013-12-26,1059.3
2013-12-27,1053.9
2013-12-30,1055.4
2013-12-31,1055.4
2014-01-02,1050.3
2014-01-03,1055.2
2014-01-06,1065.4
2014-01-07,1068.3
2014-01-08,1064.9
2014-01-09,1062.9
2014-01-10,1061.4
2014-01-13,1056.7
2014-01-14,1059.1
2014-01-15,1062.7
2014-01-16,1063.4
2014-01-17,1059.7
2014-01-20,1063.7
2014-01-21,1065.3
2014-01-22,1067.4
2014-01-23,1073.9
2014-01-24,1080.4
2014-01-27,1083.6
2014-01-28,1081.2
2014-01-29,1070.4
2014-02-03,1084.5
2014-02-04,1083.8
2014-02-05,1077.9
2014-02-06,1079
2014-02-07,1074.3
2014-02-10,1071.2
2014-02-11,1071.1
2014-02-12,1062.4
2014-02-13,1066.4
2014-02-14,1063.7
2014-02-17,1060.5
2014-02-18,1065.7
2014-02-19,1065.5
2014-02-20,1072.2
2014-02-21,1072.1
2014-02-24,1074.5
2014-02-25,1072.9
2014-02-26,1065.4
2014-02-27,1068.8
2014-02-28,1067.5
2014-03-03,1070.2
2014-03-04,1073.5
2014-03-05,1070.9
2014-03-06,1064.1
2014-03-07,1060.6
2014-03-10,1066.5
2014-03-11,1065.1
2014-03-12,1070.4
2014-03-13,1069
2014-03-14,1072.8
2014-03-17,1067.4
2014-03-18,1069.2
2014-03-19,1070.5
2014-03-20,1076.2
2014-03-21,1080.3
2014-03-24,1077.8
2014-03-25,1079.4
2014-03-26,1075
2014-03-27,1071.5
2014-03-28,1069.3
2014-03-31,1064.7
2014-04-01,1058.5
2014-04-02,1056.6
2014-04-03,1057.9
2014-04-04,1053.5
2014-04-07,1055.4
2014-04-08,1052.2
2014-04-09,1041.4
2014-04-10,1040.2
2014-04-11,1035
2014-04-14,1038.9
2014-04-15,1040.9
2014-04-16,1037.7
2014-04-17,1038.8
2014-04-18,1037.4
2014-04-21,1039
2014-04-22,1037.7
2014-04-23,1039.8
2014-04-24,1039.2
2014-04-25,1041.5
2014-04-28,1035
2014-04-29,1030.6
2014-04-30,1033.2
2014-05-02,1030.3
2014-05-07,1022.5
2014-05-08,1022.6
2014-05-09,1024.4
2014-05-12,1024.4
2014-05-13,1022.1
2014-05-14,1027.9
2014-05-15,1025.3
2014-05-16,1024
2014-05-19,1022
2014-05-20,1025.3
2014-05-21,1026.9
2014-05-22,1024.2
2014-05-23,1024.6
2014-05-26,1024
2014-05-27,1023.2
2014-05-28,1021.4
2014-05-29,1020.6
2014-05-30,1020.1
2014-06-02,1024.1
2014-06-03,1023.1
2014-06-05,1020.5
2014-06-09,1016.2
2014-06-10,1017.2
2014-06-11,1015.7
2014-06-12,1017.7
2014-06-13,1017.8
2014-06-16,1020.1
2014-06-17,1021.9
2014-06-18,1022.4
2014-06-19,1018.7
2014-06-20,1020.6
2014-06-23,1018.5
2014-06-24,1018.4
2014-06-25,1021
2014-06-26,1016.2
2014-06-27,1013.4
2014-06-30,1011.8
2014-07-01,1011.7
2014-07-02,1009.2
2014-07-03,1008.5
2014-07-04,1008.9
2014-07-07,1010.5
2014-07-08,1011.9
2014-07-09,1012.1
2014-07-10,1013.4
2014-07-11,1019
2014-07-14,1018.2
2014-07-15,1027.4
2014-07-16,1032.1
2014-07-17,1029.1
2014-07-18,1029.5
2014-07-21,1026.8
2014-07-22,1024.4
2014-07-23,1023.7
2014-07-24,1028.6
2014-07-25,1025.9
2014-07-28,1026.3
2014-07-29,1024.4
2014-07-30,1024.3
2014-07-31,1027.9
2014-08-01,1037.1
2014-08-04,1033.5
2014-08-05,1028.2
2014-08-06,1033.7
2014-08-07,1037.6
2014-08-08,1036.5
2014-08-11,1030.3
2014-08-12,1026.4
2014-08-13,1028.9
2014-08-14,1021.2
2014-08-18,1017.6
2014-08-19,1017.3
2014-08-20,1022.7
2014-08-21,1023.6
2014-08-22,1017.7
2014-08-25,1020.2
2014-08-26,1016.8
2014-08-27,1014.4
2014-08-28,1014.4
2014-08-29,1014
2014-09-01,1013.1
2014-09-02,1018.3
2014-09-03,1020
2014-09-04,1019
2014-09-05,1024.2
2014-09-11,1036.1
2014-09-12,1035.3
2014-09-15,1038
2014-09-16,1036.7
2014-09-17,1034.9
2014-09-18,1043.4
2014-09-19,1044.6
2014-09-22,1040.7
2014-09-23,1040
2014-09-24,1039.9
2014-09-25,1042.6
2014-09-26,1044.4
2014-09-29,1053.8
2014-09-30,1055.2
2014-10-01,1062.7
2014-10-02,1061.4
2014-10-06,1069
2014-10-07,1066.1
2014-10-08,1074.1
2014-10-10,1070.5
2014-10-13,1067.9
2014-10-14,1064.5
2014-10-15,1063.1
2014-10-16,1061.5
2014-10-17,1065.9
2014-10-20,1059.6
2014-10-21,1054.7
2014-10-22,1051.4
2014-10-23,1056.1
2014-10-24,1057.5
2014-10-27,1052.2
2014-10-28,1049.7
2014-10-29,1047.3
2014-10-30,1055.5
2014-10-31,1068.5
2014-11-03,1072.6
2014-11-04,1076.5
2014-11-05,1083.6
2014-11-06,1083.8
2014-11-07,1093.7
2014-11-10,1085
2014-11-11,1091.6
2014-11-12,1096
2014-11-13,1096.6
2014-11-14,1100.5
2014-11-17,1093.9
2014-11-18,1099
2014-11-19,1106.3
2014-11-20,1115.1
2014-11-21,1113.8
2014-11-24,1112.3
2014-11-25,1109.1
2014-11-26,1106.5
2014-11-27,1098.4
2014-11-28,1107.9
2014-12-01,1113.5
2014-12-02,1106.8
2014-12-03,1112.9
2014-12-04,1115.2
2014-12-05,1114.1
2014-12-08,1117.7
2014-12-09,1107.8
2014-12-10,1102.2
2014-12-11,1100.9
2014-12-12,1103.1
2014-12-15,1099.1
2014-12-16,1086.7
2014-12-17,1094.9
2014-12-18,1101.5
2014-12-19,1102
2014-12-22,1096.2
2014-12-23,1102.7
2014-12-24,1102.6
2014-12-26,1098.7
2014-12-29,1097.8
2014-12-30,1099.3
2014-12-31,1099.3
2015-01-02,1103.5
2015-01-05,1109.9
2015-01-06,1098.8
2015-01-07,1099.9
2015-01-08,1096.9
2015-01-09,1090
2015-01-12,1081.4
2015-01-13,1083.5
2015-01-14,1082.2
2015-01-15,1083.3
2015-01-16,1077.3
2015-01-19,1078
2015-01-20,1088.4
2015-01-21,1083.4
2015-01-22,1084.9
2015-01-23,1084.1
2015-01-26,1080.8
2015-01-27,1079.8
2015-01-28,1084.5
2015-01-29,1093.9
2015-01-30,1093.5
2015-02-02,1103.3
2015-02-03,1097.4
2015-02-04,1084.1
2015-02-05,1090.5
2015-02-06,1089.7
2015-02-09,1094.9
2015-02-10,1089.7
2015-02-11,1097.7
2015-02-12,1110.7
2015-02-13,1097
2015-02-16,1102.4
2015-02-17,1101.8
2015-02-23,1108.7
2015-02-24,1109.9
2015-02-25,1099
2015-02-26,1097.2
2015-02-27,1098.4
2015-03-02,1100.8
2015-03-03,1096.4
2015-03-04,1097.7
2015-03-05,1101.3
2015-03-06,1098.7
2015-03-09,1112.1
2015-03-10,1122.6
2015-03-11,1126.5
2015-03-12,1126.4
2015-03-13,1128.5
2015-03-16,1131.5
2015-03-17,1128.9
2015-03-18,1129.9
2015-03-19,1117.2
2015-03-20,1123
2015-03-23,1114.6
2015-03-24,1104.6
2015-03-25,1100.8
2015-03-26,1108
2015-03-27,1103.3
2015-03-30,1104.9
2015-03-31,1109.5
2015-04-01,1102.4
2015-04-02,1095.5
2015-04-03,1092.7
2015-04-06,1084.8
2015-04-07,1088.5
2015-04-08,1091
2015-04-09,1092.3
2015-04-10,1092.7
2015-04-13,1098.6
2015-04-14,1094
2015-04-15,1096.8
2015-04-16,1088.9
2015-04-17,1083.7
2015-04-20,1079.2
2015-04-21,1083.4
2015-04-22,1079.6
2015-04-23,1082.2
2015-04-24,1079.4
2015-04-27,1073
2015-04-28,1070
2015-04-29,1068.6
2015-04-30,1072.4
2015-05-04,1079.2
2015-05-06,1080
2015-05-07,1089.7
2015-05-08,1088.3
2015-05-11,1091.3
2015-05-12,1095.8
2015-05-13,1099.7
2015-05-14,1090.5
2015-05-15,1085.7
2015-05-18,1085.6
2015-05-19,1088.1
2015-05-20,1096
2015-05-21,1094
2015-05-22,1090.1
2015-05-26,1101
2015-05-27,1105.5
2015-05-28,1105.8
2015-05-29,1108.2
2015-06-01,1110.2
2015-06-02,1112.4
2015-06-03,1104.7
2015-06-04,1113.9
2015-06-05,1111.1
2015-06-08,1123.3
2015-06-09,1118.9
2015-06-10,1108.2
2015-06-11,1108.8
2015-06-12,1114.7
2015-06-15,1117.3
2015-06-16,1118.6
2015-06-17,1117.9
2015-06-18,1107.1
2015-06-19,1107.1
2015-06-22,1098.8
2015-06-23,1104.6
2015-06-24,1108.4
2015-06-25,1110
2015-06-26,1116.9
2015-06-29,1125.3
2015-06-30,1115.5
2015-07-01,1117.5
2015-07-02,1125
2015-07-03,1123
2015-07-06,1126.5
2015-07-07,1130.2
2015-07-08,1136.7
2015-07-09,1133.9
2015-07-10,1129.7
2015-07-13,1130.6
2015-07-14,1142.6
2015-07-15,1143.6
2015-07-16,1149.2
2015-07-17,1147.5
2015-07-20,1152.1
2015-07-21,1158.3
2015-07-22,1153.6
2015-07-23,1165.1
2015-07-24,1167.9
2015-07-27,1167
2015-07-28,1164.9
2015-07-29,1158.4
2015-07-30,1168.4
2015-07-31,1170
2015-08-03,1165.9
2015-08-04,1165.5
2015-08-05,1173.6
2015-08-06,1166.2
2015-08-07,1167.4
2015-08-10,1163.2
2015-08-11,1179.1
2015-08-12,1190.8
2015-08-13,1174
2015-08-17,1183.1
2015-08-18,1185
2015-08-19,1185.3
2015-08-20,1185.1
2015-08-21,1195
2015-08-24,1199
2015-08-25,1195.3
2015-08-26,1186
2015-08-27,1185.2
2015-08-28,1173.6
2015-08-31,1182.5
2015-09-01,1171.8
2015-09-02,1180.7
2015-09-03,1190.3
2015-09-04,1193.4
2015-09-07,1203.7
2015-09-08,1200.9
2015-09-09,1189.4
2015-09-10,1194.4
2015-09-11,1184.5
2015-09-14,1183.1
2015-09-15,1186.7
2015-09-16,1175.9
2015-09-17,1165.9
2015-09-18,1162.8
2015-09-21,1174.7
2015-09-22,1179.2
2015-09-23,1191.2
2015-09-24,1192.5
2015-09-25,1194.7
2015-09-30,1185.3
2015-10-01,1176.3
2015-10-02,1180.7
2015-10-05,1172.4
2015-10-06,1165.9
2015-10-07,1161.3
2015-10-08,1159
2015-10-12,1143.5
2015-10-13,1149.7
2015-10-14,1146.8
2015-10-15,1130.2
2015-10-16,1129.1
2015-10-19,1121
2015-10-20,1131
2015-10-21,1132.5
2015-10-22,1138.6
2015-10-23,1124.7
2015-10-26,1133.8
2015-10-27,1131
2015-10-28,1131
2015-10-29,1142.3
2015-10-30,1140.1
2015-11-02,1137
2015-11-03,1133.1
2015-11-04,1132
2015-11-05,1138.5
2015-11-06,1141.9
2015-11-09,1157.2
2015-11-10,1156.9
2015-11-11,1154.9
2015-11-12,1158.2
2015-11-13,1163.8
2015-11-16,1174.1
2015-11-17,1170.4
2015-11-18,1172.2
2015-11-19,1161.7
2015-11-20,1154.3
2015-11-23,1158.5
2015-11-24,1153.8
2015-11-25,1143.4
2015-11-26,1147.3
2015-11-27,1153
2015-11-30,1158.1
2015-12-01,1158
2015-12-02,1164.3
2015-12-03,1164.6
2015-12-04,1156.7
2015-12-07,1168.2
2015-12-08,1178.6
2015-12-09,1179.3
2015-12-10,1181.3
2015-12-11,1179.5
2015-12-14,1184.8
2015-12-15,1183.4
2015-12-16,1176.2
2015-12-17,1180.1
2015-12-18,1183
2015-12-21,1177.6
2015-12-22,1173.3
2015-12-23,1173.1
2015-12-24,1167.8
2015-12-28,1165.4
2015-12-29,1169.6
2015-12-30,1172.5
2015-12-31,1172.5
2016-01-04,1187.7
2016-01-05,1188
2016-01-06,1197.9
2016-01-07,1200.6
2016-01-08,1198.1
2016-01-11,1209.8
2016-01-12,1210.3
2016-01-13,1204
2016-01-14,1213.4
2016-01-15,1213.4
2016-01-18,1210.9
2016-01-19,1205.9
2016-01-20,1214
2016-01-21,1213.7
2016-01-22,1200.1
2016-01-25,1194.2
2016-01-26,1204.2
2016-01-27,1202
2016-01-28,1208.5
2016-01-29,1199.1
2016-02-01,1200.5
2016-02-02,1207.4
2016-02-03,1219.3
2016-02-04,1202.1
2016-02-05,1197.4
2016-02-11,1202.5
2016-02-12,1211.7
2016-02-15,1208.1
2016-02-16,1216.6
2016-02-17,1227.1
2016-02-18,1227.4
2016-02-19,1234.4
2016-02-22,1234.4
2016-02-23,1231.1
2016-02-24,1234.4
2016-02-25,1238.8
2016-02-26,1238.2
2016-02-29,1236.7
2016-03-02,1227.5
2016-03-03,1214.6
2016-03-04,1203.4
2016-03-07,1201.4
2016-03-08,1206.7
2016-03-09,1216.2
2016-03-10,1203.5
2016-03-11,1193.1
2016-03-14,1186.1
2016-03-15,1187.7
2016-03-16,1193.3
2016-03-17,1173.3
2016-03-18,1162.5
2016-03-21,1163.5
2016-03-22,1153.6
2016-03-23,1161.2
2016-03-24,1166.3
2016-03-25,1169.2
2016-03-28,1166.2
2016-03-29,1163.8
2016-03-30,1150.8
2016-03-31,1143.5
2016-04-01,1154.2
2016-04-04,1146.1
2016-04-05,1155.1
2016-04-06,1156.1
2016-04-07,1151.4
2016-04-08,1153.8
2016-04-11,1146.5
2016-04-12,1145.8
2016-04-14,1156.7
2016-04-15,1146.2
2016-04-18,1150.2
2016-04-19,1136.3
2016-04-20,1135.2
2016-04-21,1132.9
2016-04-22,1143.1
2016-04-25,1147.8
2016-04-26,1151
2016-04-27,1148.3
2016-04-28,1138.2
2016-04-29,1139.3
2016-05-02,1137.8
2016-05-03,1140.2
2016-05-04,1154.3
2016-05-09,1165.8
2016-05-10,1172.6
2016-05-11,1167.6
2016-05-12,1162.6
2016-05-13,1171.4
2016-05-16,1179.7
2016-05-17,1173.7
2016-05-18,1182.6
2016-05-19,1191.7
2016-05-20,1190.2
2016-05-23,1182.9
2016-05-24,1192.7
2016-05-25,1182.5
2016-05-26,1180.4
2016-05-27,1179.3
2016-05-30,1191.8
2016-05-31,1191.7
2016-06-01,1193
2016-06-02,1186.6
2016-06-03,1183.6
2016-06-07,1162.7
2016-06-08,1156.6
2016-06-09,1156
2016-06-10,1165.5
2016-06-13,1173.4
2016-06-14,1173.2
2016-06-15,1173.3
2016-06-16,1171.4
2016-06-17,1172.7
2016-06-20,1160.8
2016-06-21,1156.6
2016-06-22,1154.4
2016-06-23,1150.2
2016-06-24,1179.9
2016-06-27,1182.3
2016-06-28,1171.3
2016-06-29,1160.2
2016-06-30,1151.8
2016-07-01,1145
2016-07-04,1146.9
2016-07-05,1155.4
2016-07-06,1165.6
2016-07-07,1154.6
2016-07-08,1161.8
2016-07-11,1146.7
2016-07-12,1148
2016-07-13,1146.4
2016-07-14,1137.4
2016-07-15,1133.9
2016-07-18,1136.4
2016-07-19,1135.5
2016-07-20,1141
2016-07-21,1135.9
2016-07-22,1134.4
2016-07-25,1137
2016-07-26,1134.9
2016-07-27,1134.2
2016-07-28,1124.4
2016-07-29,1120.2
2016-08-01,1108
2016-08-02,1110
2016-08-03,1117.6
2016-08-04,1114
2016-08-05,1110.4
2016-08-08,1108.3
2016-08-09,1106.1
2016-08-10,1095.4
2016-08-11,1099.5
2016-08-12,1103.3
2016-08-16,1092.2
2016-08-17,1108.3
2016-08-18,1107.2
2016-08-19,1117.6
2016-08-22,1126.5
2016-08-23,1115.6
2016-08-24,1122
2016-08-25,1115.9
2016-08-26,1113.7
2016-08-29,1125
2016-08-30,1119.9
2016-08-31,1114.8
2016-09-01,1122.1
2016-09-02,1117.2
2016-09-05,1105.1
2016-09-06,1105.2
2016-09-07,1090
2016-09-08,1092.6
2016-09-09,1098.4
2016-09-12,1113.5
2016-09-13,1118.8
2016-09-19,1118.1
2016-09-20,1120.6
2016-09-21,1120.1
2016-09-22,1103.3
2016-09-23,1102.4
2016-09-26,1107.9
2016-09-27,1096.5
2016-09-28,1096.8
2016-09-29,1098.8
2016-09-30,1101.3
2016-10-04,1107.8
2016-10-05,1113.7
2016-10-06,1112.2
2016-10-07,1115.5
2016-10-10,1108.4
2016-10-11,1120.4
2016-10-12,1123.6
2016-10-13,1135.9
2016-10-14,1132.1
2016-10-17,1137.9
2016-10-18,1129.4
2016-10-19,1123.2
2016-10-20,1127.5
2016-10-21,1134.9
2016-10-24,1131
2016-10-25,1133.5
2016-10-26,1134
2016-10-27,1142.5
2016-10-28,1144.9
2016-10-31,1144.5
2016-11-01,1139.9
2016-11-02,1149.8
2016-11-03,1139.6
2016-11-04,1143.4
2016-11-07,1143.1
2016-11-08,1135
2016-11-09,1149.5
2016-11-10,1150.6
2016-11-11,1164.8
2016-11-14,1171.9
2016-11-15,1170.6
2016-11-16,1169.2
2016-11-17,1175.9
2016-11-18,1183.2
2016-11-21,1186.6
2016-11-22,1176.1
2016-11-23,1176.2
2016-11-24,1180.1
2016-11-25,1177.4
2016-11-28,1170.4
2016-11-29,1168.5
2016-11-30,1169.1
2016-12-01,1167.6
2016-12-02,1172.6
2016-12-05,1174.6
2016-12-06,1171.4
2016-12-07,1167.9
2016-12-08,1158.5
2016-12-09,1165.9
2016-12-12,1168.2
2016-12-13,1167
2016-12-14,1169.7
2016-12-15,1178.5
2016-12-16,1183.9
2016-12-19,1186.9
2016-12-20,1193.4
2016-12-21,1193.9
2016-12-22,1199.1
2016-12-23,1203
2016-12-26,1201.4
2016-12-27,1207.6
2016-12-28,1210.5
2016-12-29,1207.7
2016-12-30,1207.7
2017-01-02,1208
2017-01-03,1203.5
2017-01-04,1206.4
2017-01-05,1186.3
2017-01-06,1193
2017-01-09,1208.3
2017-01-10,1194.6
2017-01-11,1196.4
2017-01-12,1184.7
2017-01-13,1174.7
2017-01-16,1182.1
2017-01-17,1174.5
2017-01-18,1166.7
2017-01-19,1177.6
2017-01-20,1169.2
2017-01-23,1165.5
2017-01-24,1165.9
2017-01-25,1166
2017-01-26,1159.2
2017-01-31,1162.1
2017-02-01,1158.1
2017-02-02,1146.8
2017-02-03,1147.6
2017-02-06,1137.9
2017-02-07,1144.3
2017-02-08,1147.2
2017-02-09,1145.8
2017-02-10,1150.6
2017-02-13,1152
2017-02-14,1137.4
2017-02-15,1142.2
2017-02-16,1141.5
2017-02-17,1146.3
2017-02-20,1147.5
2017-02-21,1146.1
2017-02-22,1142.6
2017-02-23,1137.3
2017-02-24,1131.5
2017-02-27,1133.7
2017-02-28,1130.7
2017-03-02,1141.6
2017-03-03,1156.1
2017-03-06,1158
2017-03-07,1146.1
2017-03-08,1145.5
2017-03-09,1158.1
2017-03-10,1157.4
2017-03-13,1144.4
2017-03-14,1148.8
2017-03-15,1143.6
2017-03-16,1132
2017-03-17,1130.9
2017-03-20,1120.1
2017-03-21,1120.3
2017-03-22,1123.3
2017-03-23,1122.4
2017-03-24,1122.6
2017-03-27,1112.8
2017-03-28,1113
2017-03-29,1114.2
2017-03-30,1117.2
2017-03-31,1118.4
2017-04-03,1115.3
2017-04-04,1121.9
2017-04-05,1124.4
2017-04-06,1133.2
2017-04-07,1134.5
2017-04-10,1142.2
2017-04-11,1145.8
2017-04-12,1141.4
2017-04-13,1129.7
2017-04-14,1140
2017-04-17,1137.7
2017-04-18,1142.4
2017-04-19,1140.2
2017-04-20,1139.8
2017-04-21,1134.4
2017-04-24,1129.9
2017-04-25,1125.4
2017-04-26,1125.1
2017-04-27,1130.1
2017-04-28,1137.9
2017-05-02,1130.5
2017-05-04,1132.7
2017-05-08,1131.4
2017-05-10,1135.8
2017-05-11,1127.9
2017-05-12,1127.4
2017-05-15,1123.6
2017-05-16,1116
2017-05-17,1118.3
2017-05-18,1124.5
2017-05-19,1127.2
2017-05-22,1118.6
2017-05-23,1124.2
2017-05-24,1126.8
2017-05-25,1116.5
2017-05-26,1120.7
2017-05-29,1121.7
2017-05-30,1125.1
2017-05-31,1119.5
2017-06-01,1122
2017-06-02,1121.8
2017-06-05,1118.3
2017-06-07,1124
2017-06-08,1122.1
2017-06-09,1123.2
2017-06-12,1127.3
2017-06-13,1128.3
2017-06-14,1123.9
2017-06-15,1124.1
2017-06-16,1134.1
2017-06-19,1132.7
2017-06-20,1135.4
2017-06-21,1144
2017-06-22,1140.9
2017-06-23,1138.8
2017-06-26,1137.1
2017-06-27,1136.9
2017-06-28,1144
2017-06-29,1141.1
2017-06-30,1144.1
2017-07-03,1146.9
2017-07-04,1150.6
2017-07-05,1150.5
2017-07-06,1157.4
2017-07-07,1154.3
2017-07-10,1149.5
2017-07-11,1151.1
2017-07-12,1145.1
2017-07-13,1136.3
2017-07-14,1133.3
2017-07-17,1128.3
2017-07-18,1123.1
2017-07-19,1120.6
2017-07-20,1125.5
2017-07-21,1118.2
2017-07-24,1114
2017-07-25,1115.3
2017-07-26,1121.8
2017-07-27,1112.8
2017-07-28,1122.1
2017-07-31,1119
2017-08-01,1121.3
2017-08-02,1124
2017-08-03,1128.8
2017-08-04,1125
2017-08-07,1127.1
2017-08-08,1125.1
2017-08-09,1135.2
2017-08-10,1142
2017-08-11,1143.5
2017-08-14,1139.7
2017-08-16,1141.5
2017-08-17,1137.2
2017-08-18,1141.3
2017-08-21,1139
2017-08-22,1133.8
2017-08-23,1131.8
2017-08-24,1127.9
2017-08-25,1128.2
2017-08-28,1120.1
2017-08-29,1126.4
2017-08-30,1124.2
2017-08-31,1127.8
2017-09-01,1122.8
2017-09-04,1133
2017-09-05,1131.1
2017-09-06,1135.4
2017-09-07,1129.4
2017-09-08,1127.5
2017-09-11,1131.9
2017-09-12,1128.5
2017-09-13,1128.5
2017-09-14,1132.6
2017-09-15,1131.7
2017-09-18,1126.6
2017-09-19,1131.3
2017-09-20,1128.3
2017-09-21,1132.7
2017-09-22,1136.5
2017-09-25,1131.8
2017-09-26,1136.8
2017-09-27,1140.7
2017-09-28,1149.1
2017-09-29,1145.4
2017-10-10,1135.1
2017-10-11,1135.2
2017-10-12,1133.2
2017-10-13,1128.9
2017-10-16,1127.8
2017-10-17,1132.5
2017-10-18,1129.9
2017-10-19,1132.4
2017-10-20,1131
2017-10-23,1130.2
2017-10-24,1127.4
2017-10-25,1127.9
2017-10-26,1124.6
2017-10-27,1130.5
2017-10-30,1124.6
2017-10-31,1120.4
2017-11-01,1114.5
2017-11-02,1114.4
2017-11-03,1113.8
2017-11-06,1115
2017-11-07,1111.9
2017-11-08,1115.6
2017-11-09,1115.6
2017-11-10,1117.1
2017-11-13,1120.6
2017-11-14,1118.1
2017-11-15,1112.3
2017-11-16,1101.4
2017-11-17,1097.5
2017-11-20,1100.6
2017-11-21,1095.8
2017-11-22,1089.1
2017-11-23,1085.4
2017-11-24,1085.4
2017-11-27,1088.6
2017-11-28,1084.4
2017-11-29,1076.8
2017-11-30,1088.2
2017-12-01,1086.4
2017-12-04,1088.7
2017-12-05,1085.8
2017-12-06,1093.7
2017-12-07,1093.5
2017-12-08,1093.3
2017-12-11,1092.3
2017-12-12,1092.4
2017-12-13,1090.7
2017-12-14,1089.1
2017-12-15,1089.8
2017-12-18,1088.5
2017-12-19,1084.9
2017-12-20,1080.9
2017-12-21,1082.7
2017-12-22,1079.7
2017-12-26,1076.1
2017-12-27,1074.1
2017-12-28,1070.5
2017-12-29,1070.5
2018-01-02,1061.2
2018-01-03,1064.5
2018-01-04,1062.2
2018-01-05,1062.7
2018-01-08,1066
2018-01-09,1067.1
2018-01-10,1071.9
2018-01-11,1072
2018-01-12,1064.8
2018-01-15,1062.7
2018-01-16,1062.7
2018-01-17,1069.3
2018-01-18,1070.7
2018-01-19,1065.9
2018-01-22,1070.1
2018-01-23,1070.2
2018-01-24,1070.2
2018-01-25,1058.6
2018-01-26,1063.9
2018-01-29,1065.6
2018-01-30,1073.6
2018-01-31,1067.9
2018-02-01,1071.9
2018-02-02,1079.7
2018-02-05,1088.5
2018-02-06,1091.5
2018-02-07,1086.6
2018-02-08,1087.9
2018-02-09,1092.1
2018-02-12,1084.6
2018-02-13,1084.5
2018-02-14,1077.2
2018-02-19,1067.6
2018-02-20,1073.5
2018-02-21,1076.2
2018-02-22,1084.3
2018-02-23,1079
2018-02-26,1073.4
2018-02-27,1071.3
2018-02-28,1082.8
2018-03-02,1080.3
2018-03-05,1082
2018-03-06,1076.1
2018-03-07,1069.1
2018-03-08,1070.2
2018-03-09,1069.8
2018-03-12,1065.2
2018-03-13,1067.5
2018-03-14,1064.6
2018-03-15,1065.4
2018-03-16,1066.2
2018-03-19,1071.6
2018-03-20,1068.6
2018-03-21,1072.3
2018-03-22,1072.7
2018-03-23,1082.2
2018-03-26,1081.1
2018-03-27,1070.3
2018-03-28,1070.8
2018-03-29,1065.9
2018-03-30,1063.5
2018-04-02,1056.6
2018-04-03,1054.2
2018-04-04,1059.8
2018-04-05,1059.7
2018-04-06,1069.6
2018-04-09,1067.1
2018-04-10,1066.4
2018-04-11,1066.3
2018-04-12,1069.5
2018-04-13,1069.5
2018-04-16,1074
2018-04-17,1067
2018-04-18,1068.7
2018-04-19,1061.5
2018-04-20,1067.3
2018-04-23,1069
2018-04-24,1076.8
2018-04-25,1080.6
2018-04-26,1080.9
2018-04-27,1076.6
2018-04-30,1068
2018-05-02,1076.1
2018-05-03,1076.3
2018-05-04,1077.2
2018-05-08,1076.5
2018-05-09,1080.9
2018-05-10,1073.1
2018-05-11,1069.3
2018-05-14,1068
2018-05-15,1073.8
2018-05-16,1077.6
2018-05-17,1081.2
2018-05-18,1077.6
2018-05-21,1085.4
2018-05-23,1080.7
2018-05-24,1079.6
2018-05-25,1078
2018-05-28,1074.2
2018-05-29,1076.8
2018-05-30,1080.9
2018-05-31,1077.7
2018-06-01,1075
2018-06-04,1071.9
2018-06-05,1070.7
2018-06-07,1069
2018-06-08,1075.9
2018-06-11,1075.2
2018-06-12,1077.2
2018-06-14,1083.1
2018-06-15,1097.7
2018-06-18,1104.8
2018-06-19,1109.1
2018-06-20,1105.1
2018-06-21,1112.8
2018-06-22,1107.4
2018-06-25,1117.2
2018-06-26,1114.8
2018-06-27,1117.6
2018-06-28,1124.2
2018-06-29,1114.5
2018-07-02,1120
2018-07-03,1118.7
2018-07-04,1114.5
2018-07-05,1118.6
2018-07-06,1115.9
2018-07-09,1112.2
2018-07-10,1116
2018-07-11,1120
2018-07-12,1125.9
2018-07-13,1123.5
2018-07-16,1129.2
2018-07-17,1124.1
2018-07-18,1132.3
2018-07-19,1133.2
2018-07-20,1133.7
2018-07-23,1131.4
2018-07-24,1135.2
2018-07-25,1126.3
2018-07-26,1119.3
2018-07-27,1118.1
2018-07-30,1120.2
2018-07-31,1118.7
2018-08-01,1120.6
2018-08-02,1126.1
2018-08-03,1127.6
2018-08-06,1124
2018-08-07,1123.8
2018-08-08,1119.9
2018-08-09,1117.2
2018-08-10,1128.9
2018-08-13,1133.9
2018-08-14,1127.9
2018-08-16,1130.1
2018-08-17,1124.9
2018-08-20,1123.1
2018-08-21,1118.4
2018-08-22,1118.9
2018-08-23,1121.4
2018-08-24,1118.9
2018-08-27,1113.8
2018-08-28,1110
2018-08-29,1110.2
2018-08-30,1108.6
2018-08-31,1112.9
2018-09-03,1110.3
2018-09-04,1114.9
2018-09-05,1121.5
2018-09-06,1124
2018-09-07,1122.8
2018-09-10,1128.4
2018-09-11,1125.3
2018-09-12,1128.6
2018-09-13,1122.4
2018-09-14,1116.6
2018-09-17,1126.6
2018-09-18,1123.2
2018-09-19,1121.1
2018-09-20,1120.4
2018-09-21,1115.3
2018-09-27,1112.5
2018-09-28,1109.3
2018-10-01,1111.8
2018-10-02,1119.2
2018-10-04,1129.9
2018-10-05,1130.4
2018-10-08,1132.7
2018-10-10,1134
2018-10-11,1144.4
2018-10-12,1131.4
2018-10-15,1134.3
2018-10-16,1128
2018-10-17,1126.5
2018-10-18,1135.2
2018-10-19,1132.1
2018-10-22,1128.4
2018-10-23,1137.6
2018-10-24,1132.3
2018-10-25,1138
2018-10-26,1141.9
2018-10-29,1141.4
2018-10-30,1139.2
2018-10-31,1139.6
2018-11-01,1138.1
2018-11-02,1121.6
2018-11-05,1123.5
2018-11-06,1123.8
2018-11-07,1123.3
2018-11-08,1117.3
2018-11-09,1128.3
2018-11-12,1133.9
2018-11-13,1133.3
2018-11-14,1134.3
2018-11-15,1129.2
2018-11-16,1128.5
2018-11-19,1128.6
2018-11-20,1125.8
2018-11-21,1131.6
2018-11-22,1129.2
2018-11-23,1130.5
2018-11-26,1128.9
2018-11-27,1129.4
2018-11-28,1126.5
2018-11-29,1119.2
2018-11-30,1121.2
2018-12-03,1110.7
2018-12-04,1105.3
2018-12-05,1114.1
2018-12-06,1120.3
2018-12-07,1119.8
2018-12-10,1126.5
2018-12-11,1130.1
2018-12-12,1128.5
2018-12-13,1123.4
2018-12-14,1130.8
2018-12-17,1131.3
2018-12-18,1129.6
2018-12-19,1123.5
2018-12-20,1127.8
2018-12-21,1122.4
2018-12-24,1125.2
2018-12-26,1125.4
2018-12-27,1120
2018-12-28,1115.7
2018-12-31,1115.7
2019-01-02,1119
2019-01-03,1127.7
2019-01-04,1124.5
2019-01-07,1118.6
2019-01-08,1124.1
2019-01-09,1122.1
2019-01-10,1118.3
2019-01-11,1116.4
2019-01-14,1123
2019-01-15,1120.7
2019-01-16,1120.1
2019-01-17,1122.5
2019-01-18,1121.9
2019-01-21,1128.1
2019-01-22,1130.5
2019-01-23,1127.3
2019-01-24,1128.6
2019-01-25,1121.3
2019-01-28,1117.7
2019-01-29,1116.5
2019-01-30,1116.3
2019-01-31,1112.7
2019-02-01,1118.8
2019-02-07,1124.1
2019-02-08,1123.9
2019-02-11,1124.7
2019-02-12,1123.9
2019-02-13,1121.7
2019-02-14,1125.1
2019-02-15,1128.7
2019-02-18,1125.8
2019-02-19,1128.2
2019-02-20,1123.5
2019-02-21,1125.2
2019-02-22,1125.2
2019-02-25,1121
2019-02-26,1118.6
2019-02-27,1119.1
2019-02-28,1124.7
2019-03-04,1124.9
2019-03-05,1125.5
2019-03-06,1128.8
2019-03-07,1129
2019-03-08,1136.2
2019-03-11,1133.7
2019-03-12,1129.8
2019-03-13,1132.6
2019-03-14,1134.8
2019-03-15,1137.3
2019-03-18,1132.1
2019-03-19,1130.6
2019-03-20,1130.4
2019-03-21,1127.7
2019-03-22,1130.1
2019-03-25,1134.2
2019-03-26,1133.4
2019-03-27,1134.5
2019-03-28,1136.8
2019-03-29,1135.1
2019-04-01,1133.7
2019-04-02,1136.4
2019-04-03,1134.3
2019-04-04,1136.3
2019-04-05,1136.6
2019-04-08,1144.7
2019-04-09,1142.1
2019-04-10,1138.6
2019-04-11,1139.4
2019-04-12,1139.4
2019-04-15,1133.1
2019-04-16,1135.7
2019-04-17,1134.8
2019-04-18,1136.9
2019-04-19,1136.9
2019-04-22,1141.5
2019-04-23,1141.8
2019-04-24,1150.9
2019-04-25,1160.5
2019-04-26,1161
2019-04-29,1158.5
2019-04-30,1168.2
2019-05-02,1165.7
2019-05-03,1170
2019-05-07,1166.5
2019-05-08,1169.4
2019-05-09,1179.8
2019-05-10,1177
2019-05-13,1187.5
2019-05-14,1189.4
2019-05-15,1188.6
2019-05-16,1191.5
2019-05-17,1195.7
2019-05-20,1194.2
2019-05-21,1194
2019-05-22,1192.8
2019-05-23,1189.2
2019-05-24,1188.4
2019-05-27,1184.5
2019-05-28,1185.8
2019-05-29,1193.9
2019-05-30,1188.8
2019-05-31,1190.9
2019-06-03,1182.1
2019-06-04,1182.8
2019-06-05,1178.6
2019-06-07,1181.4
2019-06-10,1185.2
2019-06-11,1180.4
2019-06-12,1182.6
2019-06-13,1183.1
2019-06-14,1185.3
2019-06-17,1186.5
2019-06-18,1185.8
2019-06-19,1176.1
2019-06-20,1162.1
2019-06-21,1164
2019-06-24,1156.5
2019-06-25,1156.2
2019-06-26,1156.6
2019-06-27,1158.1
2019-06-28,1154.7
2019-07-01,1158.8
2019-07-02,1166
2019-07-03,1171.3
2019-07-04,1168.6
2019-07-05,1170.4
2019-07-08,1182
2019-07-09,1180.5
2019-07-10,1181.6
2019-07-11,1173.5
2019-07-12,1179.2
2019-07-15,1179.3
2019-07-16,1177.6
2019-07-17,1181.3
2019-07-18,1178.8
2019-07-19,1174.5
2019-07-22,1178.3
2019-07-23,1178.9
2019-07-24,1177.9
2019-07-25,1181.5
2019-07-26,1184.8
2019-07-29,1183.5
2019-07-30,1181.6
2019-07-31,1183.1
2019-08-01,1188.5
2019-08-02,1198
2019-08-05,1215.3
2019-08-06,1215.3
2019-08-07,1214.9
2019-08-08,1209.2
2019-08-09,1210.5
2019-08-12,1216.2
2019-08-13,1222.2
2019-08-14,1212.7
2019-08-16,1210.8
2019-08-19,1211
2019-08-20,1208.3
2019-08-21,1202.5
2019-08-22,1207.4
2019-08-23,1210.6
2019-08-26,1217.8
2019-08-27,1211.2
2019-08-28,1213.9
2019-08-29,1216.4
2019-08-30,1211.2
2019-09-02,1210.8
2019-09-03,1215.6
2019-09-04,1208.2
2019-09-05,1200.2
2019-09-06,1196.9
2019-09-09,1193
2019-09-10,1193.3
2019-09-11,1191
2019-09-16,1183.1
2019-09-17,1190.7
2019-09-18,1191.3
2019-09-19,1193.6
2019-09-20,1188
2019-09-23,1194
2019-09-24,1195.7
2019-09-25,1198.8
2019-09-26,1198.8
2019-09-27,1199.9
2019-09-30,1196.2
2019-10-01,1199
2019-10-02,1206
2019-10-04,1196.8
2019-10-07,1196.6
2019-10-08,1193.1
2019-10-10,1196.2
2019-10-11,1188.8
2019-10-14,1184.9
2019-10-15,1185.2
2019-10-16,1187.8
2019-10-17,1187
2019-10-18,1181.5
2019-10-21,1172
2019-10-22,1169.7
2019-10-23,1172.4
2019-10-24,1172.9
2019-10-25,1173
2019-10-28,1170.7
2019-10-29,1163
2019-10-30,1168.1
2019-10-31,1163.4
2019-11-01,1165.6
2019-11-04,1159.2
2019-11-05,1157.5
2019-11-06,1156.9
2019-11-07,1159.3
2019-11-08,1157.5
2019-11-11,1166.8
2019-11-12,1160.8
2019-11-13,1167.8
2019-11-14,1169.7
2019-11-15,1166.6
2019-11-18,1164.5
2019-11-19,1167.6
2019-11-20,1170.1
2019-11-21,1178.1
2019-11-22,1178.9
2019-11-25,1176
2019-11-26,1176.7
2019-11-27,1177.2
2019-11-28,1179
2019-11-29,1181.2
2019-12-02,1183.1
2019-12-03,1187.2
2019-12-04,1194.3
2019-12-05,1190.2
2019-12-06,1189.6
2019-12-09,1189.9
2019-12-10,1191.3
2019-12-11,1194.7
2019-12-12,1186.8
2019-12-13,1171.7
2019-12-16,1172.3
2019-12-17,1166.2
2019-12-18,1168.8
2019-12-19,1165.6
2019-12-20,1160.6
2019-12-23,1164.3
2019-12-24,1163.9
2019-12-26,1161.8
2019-12-27,1161.5
2019-12-30,1156.4
2019-12-31,1156.4
2020-01-02,1158.1
2020-01-03,1167.1
2020-01-06,1172.1
2020-01-07,1166.4
2020-01-08,1170.8
2020-01-09,1159.1
2020-01-10,1161.3
2020-01-13,1156
2020-01-14,1156.1
2020-01-15,1157
2020-01-16,1161.1
2020-01-17,1159.4
2020-01-20,1158.1
2020-01-21,1167
2020-01-22,1164.6
2020-01-23,1168.7
2020-01-28,1176.7
2020-01-29,1177.2
2020-01-30,1185
2020-01-31,1191.8
2020-02-03,1195
2020-02-04,1187.4
2020-02-05,1191.5
2020-02-06,1179.8
2020-02-07,1186.5
2020-02-10,1187.1
2020-02-11,1181.6
2020-02-12,1179.5
2020-02-13,1182.8
2020-02-14,1183
2020-02-17,1183.9
2020-02-18,1189.5
2020-02-19,1189.3
2020-02-20,1198.7
2020-02-21,1209.2
2020-02-24,1220.2
2020-02-25,1210.3
2020-02-26,1216.9
2020-02-27,1217.2
2020-02-28,1213.7
2020-03-02,1193.7
2020-03-03,1195.2
2020-03-04,1187.8
2020-03-05,1181.2
2020-03-06,1192.3
2020-03-09,1204.2
2020-03-10,1193.2
2020-03-11,1193
2020-03-12,1206.5
2020-03-13,1219.3
2020-03-16,1226
2020-03-17,1243.5
2020-03-18,1245.7
2020-03-19,1285.7
2020-03-20,1246.5
2020-03-23,1266.5
2020-03-24,1249.6
2020-03-25,1229.9
2020-03-26,1232.8
2020-03-27,1210.6
2020-03-30,1224.4
2020-03-31,1217.4
2020-04-01,1230.5
2020-04-02,1228.3
2020-04-03,1230.9
2020-04-06,1229.3
2020-04-07,1221.2
2020-04-08,1220.9
2020-04-09,1219.5
2020-04-10,1208.8
2020-04-13,1217.9
2020-04-14,1217.3
2020-04-16,1228.7
2020-04-17,1217.9
2020-04-20,1220.5
2020-04-21,1229.7
2020-04-22,1232.2
2020-04-23,1229.7
2020-04-24,1235.5
2020-04-27,1226.2
2020-04-28,1225.2
2020-04-29,1218.2
2020-05-04,1229.1
2020-05-06,1222.1
2020-05-07,1225
2020-05-08,1219.9
2020-05-11,1220.5
2020-05-12,1224.8
2020-05-13,1223.8
2020-05-14,1228
2020-05-15,1231
2020-05-18,1232.4
2020-05-19,1225.3
2020-05-20,1230.3
2020-05-21,1230.9
2020-05-22,1237
2020-05-25,1244.2
2020-05-26,1234.3
2020-05-27,1234.4
2020-05-28,1239.6
2020-05-29,1238.5
2020-06-01,1225
2020-06-02,1225.4
2020-06-03,1216.8
2020-06-04,1218.7
2020-06-05,1207.1
2020-06-08,1204.8
2020-06-09,1197.7
2020-06-10,1191.2
2020-06-11,1196.4
2020-06-12,1203.8
2020-06-15,1216
2020-06-16,1207.2
2020-06-17,1213.9
2020-06-18,1208
2020-06-19,1209.6
2020-06-22,1215.8
2020-06-23,1208.8
2020-06-24,1199.4
2020-06-25,1204.7
2020-06-26,1200.6
2020-06-29,1198.6
2020-06-30,1203
2020-07-01,1203.4
2020-07-02,1200
2020-07-03,1198.6
2020-07-06,1195.8
2020-07-07,1195.7
2020-07-08,1195.5
2020-07-09,1195.5
2020-07-10,1204.5
2020-07-13,1200.9
2020-07-14,1205.7
2020-07-15,1200.5
2020-07-16,1205.6
2020-07-17,1205.1
2020-07-20,1203.2
2020-07-21,1197.8
2020-07-22,1195.3
2020-07-23,1197.3
2020-07-24,1201.5
2020-07-27,1196.1
2020-07-28,1196.9
2020-07-29,1193.1
2020-07-30,1194.4
2020-07-31,1191.3
2020-08-03,1193.4
2020-08-04,1194.1
2020-08-05,1188.8
2020-08-06,1183.5
2020-08-07,1184.7
2020-08-10,1185.6
2020-08-11,1185.6
2020-08-12,1185.3
2020-08-13,1183.3
2020-08-14,1184.6
2020-08-18,1183.7
2020-08-19,1181.2
2020-08-20,1186.9
2020-08-21,1186.3
2020-08-24,1189.1
2020-08-25,1185.1
2020-08-26,1186.8
2020-08-27,1185
2020-08-28,1184.3
2020-08-31,1187.8
2020-09-01,1183
2020-09-02,1185.4
2020-09-03,1188.3
2020-09-04,1189.6
2020-09-07,1188.3
2020-09-08,1186.4
2020-09-09,1189.1
2020-09-10,1184.9
2020-09-11,1186.9
2020-09-14,1183.5
2020-09-15,1179
2020-09-16,1176.1
2020-09-17,1174.4
2020-09-18,1160.3
2020-09-21,1158
2020-09-22,1165
2020-09-23,1164.4
2020-09-24,1172.7
2020-09-25,1172.3
2020-09-28,1173.6
2020-09-29,1169.5
2020-10-05,1163.4
2020-10-06,1161
2020-10-07,1158.2
2020-10-08,1153.3
2020-10-12,1146.8
2020-10-13,1147.1
2020-10-14,1146.9
2020-10-15,1143.2
2020-10-16,1147.4
2020-10-19,1142
2020-10-20,1139.4
2020-10-21,1131.9
2020-10-22,1132.9
2020-10-23,1132.9
2020-10-26,1127.7
2020-10-27,1125.5
2020-10-28,1130.6
2020-10-29,1131.4
2020-10-30,1135.1
2020-11-02,1133.6
2020-11-03,1134.1
2020-11-04,1137.7
2020-11-05,1128.2
2020-11-06,1120.4
2020-11-09,1113.9
2020-11-10,1115.1
2020-11-11,1110
2020-11-12,1114.8
2020-11-13,1115.6
2020-11-16,1109.3
2020-11-17,1106.6
2020-11-18,1103.8
2020-11-19,1115.6
2020-11-20,1114.3
2020-11-23,1110.4
2020-11-24,1112.7
2020-11-25,1108.9
2020-11-26,1104.6
2020-11-27,1103.2
2020-11-30,1106.5
2020-12-01,1106.2
2020-12-02,1100.8
2020-12-03,1097
2020-12-04,1082.1
2020-12-07,1082.1
2020-12-08,1085.4
2020-12-09,1084.8
2020-12-10,1087.7
2020-12-11,1090.3
2020-12-14,1091.8
2020-12-15,1093.3
2020-12-16,1094
2020-12-17,1093.3
2020-12-18,1099.7
2020-12-21,1102.7
2020-12-22,1107.4
2020-12-23,1107.9
2020-12-24,1103
2020-12-28,1096.7
2020-12-29,1092.1
2020-12-30,1086.3
2020-12-31,1086.3
2021-01-04,1082.1
2021-01-05,1087.6
2021-01-06,1085.6
2021-01-07,1087.3
2021-01-08,1089.8
2021-01-11,1097.3
2021-01-12,1099.9
2021-01-13,1095.1
2021-01-14,1098
2021-01-15,1099.4
2021-01-18,1103.9
2021-01-19,1102.9
2021-01-20,1100.3
2021-01-21,1098.2
2021-01-22,1103.2
2021-01-25,1100.7
2021-01-26,1106.5
2021-01-27,1104.4
2021-01-28,1119.6
2021-01-29,1118.8
2021-02-01,1116.5
2021-02-02,1117.7
2021-02-03,1114.9
2021-02-04,1118.5
2021-02-05,1123.7
2021-02-08,1119.6
2021-02-09,1116.6
2021-02-10,1107
2021-02-15,1101.4
2021-02-16,1100.1
2021-02-17,1107.5
2021-02-18,1107.6
2021-02-19,1105.9
2021-02-22,1110.4
2021-02-23,1110.6
2021-02-24,1112.2
2021-02-25,1107.8
2021-02-26,1123.5
2021-03-02,1124
2021-03-03,1120.3
2021-03-04,1125.1
2021-03-05,1126.1
2021-03-08,1133.2
2021-03-09,1140.3
2021-03-10,1142.7
2021-03-11,1135.9
2021-03-12,1133.8
2021-03-15,1136.3
2021-03-16,1129.7
2021-03-17,1130.2
2021-03-18,1123.7
2021-03-19,1130.6
2021-03-22,1128.4
2021-03-23,1129.7
2021-03-24,1133.6
2021-03-25,1133.3
2021-03-26,1129.3
2021-03-29,1131.7
2021-03-30,1133.6
2021-03-31,1131.8
2021-04-01,1131.9
2021-04-02,1127.5
2021-04-05,1127.7
2021-04-06,1119.6
2021-04-07,1116.3
2021-04-08,1117.2
2021-04-09,1121.2
2021-04-12,1124.9
2021-04-13,1125.9
2021-04-14,1116.6
2021-04-15,1117.6
2021-04-16,1116.3
2021-04-19,1117.2
2021-04-20,1112.3
2021-04-21,1118.6
2021-04-22,1117.3
2021-04-23,1117.8
2021-04-26,1113.2
2021-04-27,1110.4
2021-04-28,1113
2021-04-29,1108.2
2021-04-30,1112.3
2021-05-03,1124
2021-05-04,1122.6
2021-05-06,1125.8
2021-05-07,1121.3
2021-05-10,1113.8
2021-05-11,1119.6
2021-05-12,1124.7
2021-05-13,1129.3
2021-05-14,1128.6
2021-05-17,1134.8
2021-05-18,1130.5
2021-05-20,1132
2021-05-21,1127
2021-05-24,1127.1
2021-05-25,1122
2021-05-26,1116.9
2021-05-27,1118.1
2021-05-28,1115.5
2021-05-31,1110.9
2021-06-01,1105.9
2021-06-02,1113.3
2021-06-03,1113.6
2021-06-04,1116.5
2021-06-07,1112.9
2021-06-08,1114.2
2021-06-09,1115.4
2021-06-10,1115.8
2021-06-11,1110.8
2021-06-14,1116.7
2021-06-15,1117
2021-06-16,1117.2
2021-06-17,1130.4
2021-06-18,1132.3
2021-06-21,1134.7
2021-06-22,1131.9
2021-06-23,1137.7
2021-06-24,1134.9
2021-06-25,1127.7
2021-06-28,1130.3
2021-06-29,1128.5
2021-06-30,1126.1
2021-07-01,1133.1
2021-07-02,1135
2021-07-05,1131.8
2021-07-06,1129.7
2021-07-07,1138.1
2021-07-08,1145
2021-07-09,1149.1
2021-07-12,1147
2021-07-13,1145.4
2021-07-14,1148.5
2021-07-15,1141.5
2021-07-16,1139.5
2021-07-19,1147.8
2021-07-20,1150.4
2021-07-21,1154
2021-07-22,1149.9
2021-07-23,1150.8
2021-07-26,1155
2021-07-27,1150.1
2021-07-28,1154.6
2021-07-29,1146.5
2021-07-30,1150.3
2021-08-02,1150.9
2021-08-03,1148.3
2021-08-04,1143.6
2021-08-05,1143.7
2021-08-06,1142.1
2021-08-09,1144.3
2021-08-10,1149.8
2021-08-11,1156.4
2021-08-12,1161.2
2021-08-13,1169
2021-08-17,1176.3
2021-08-18,1168
2021-08-19,1176.2
2021-08-20,1179.6
2021-08-23,1173.7
2021-08-24,1165.6
2021-08-25,1168.1
2021-08-26,1170.5
2021-08-27,1169.2
2021-08-30,1167
2021-08-31,1159.5
2021-09-01,1157.2
2021-09-02,1161.5
2021-09-03,1157
2021-09-06,1156.5
2021-09-07,1157.8
2021-09-08,1166.7
2021-09-09,1169.2
2021-09-10,1169.1
2021-09-13,1176
2021-09-14,1170.8
2021-09-15,1170.5
2021-09-16,1171.8
2021-09-17,1175
2021-09-23,1175.5
2021-09-24,1176.5
2021-09-27,1176.8
2021-09-28,1184.4
2021-09-29,1181.8
2021-09-30,1184
2021-10-01,1188.7
2021-10-05,1188.7
2021-10-06,1192.3
2021-10-07,1190.4
2021-10-08,1194.6
2021-10-12,1198.8
2021-10-13,1193.8
2021-10-14,1186.8
2021-10-15,1182.4
2021-10-18,1187.6
2021-10-19,1178.7
2021-10-20,1174.2
2021-10-21,1177.2
2021-10-22,1177.1
2021-10-25,1168.4
2021-10-26,1167.6
2021-10-27,1170
2021-10-28,1169.7
2021-10-29,1168.6
2021-11-01,1176.5
2021-11-02,1174.4
2021-11-03,1181.6
2021-11-04,1182.6
2021-11-05,1185.2
2021-11-08,1183.1
2021-11-09,1177.2
2021-11-10,1180.9
2021-11-11,1180.8
2021-11-12,1179.6
2021-11-15,1178.4
2021-11-16,1179.9
2021-11-17,1182.5
2021-11-18,1180.4
2021-11-19,1185.3
2021-11-22,1185.1
2021-11-23,1189.7
2021-11-24,1186.5
2021-11-25,1190.2
2021-11-26,1193.3
2021-11-29,1193
2021-11-30,1187.9
2021-12-01,1179.2
2021-12-02,1175.9
2021-12-03,1180.1
2021-12-06,1183
2021-12-07,1179.5
2021-12-08,1175.9
2021-12-09,1174.5
2021-12-10,1181.3
2021-12-13,1180.8
2021-12-14,1182.6
2021-12-15,1185.2
2021-12-16,1183.9
2021-12-17,1180.9
2021-12-20,1190.8
2021-12-21,1192.9
2021-12-22,1192
2021-12-23,1187.9
2021-12-24,1186.6
2021-12-27,1186.8
2021-12-28,1188
2021-12-29,1186.5
2021-12-30,1188.8
2021-12-31,1188.8
2022-01-03,1191.8
2022-01-04,1194.1
2022-01-05,1196.9
2022-01-06,1201
2022-01-07,1201.5
2022-01-10,1199.1
2022-01-11,1194.7
2022-01-12,1190.5
2022-01-13,1187.5
2022-01-14,1187.3
2022-01-17,1192.7
2022-01-18,1190.1
2022-01-19,1191.7
2022-01-20,1192.4
2022-01-21,1194
2022-01-24,1196.1
2022-01-25,1198.6
2022-01-26,1197.7
2022-01-27,1202.8
2022-01-28,1205.5
2022-02-03,1206.4
2022-02-04,1197
2022-02-07,1200.7
2022-02-08,1197.7
2022-02-09,1196.5
2022-02-10,1196.5
2022-02-11,1198.5
2022-02-14,1191.1
2022-02-15,1199.8
2022-02-16,1197.6
2022-02-17,1197.1
2022-02-18,1195.9
2022-02-21,1192.1
2022-02-22,1192.7
2022-02-23,1193.6
2022-02-24,1202.4
2022-02-25,1201.6
2022-02-28,1202.3
2022-03-02,1206.1
2022-03-03,1204.6
2022-03-04,1214.2
2022-03-07,1227.1
2022-03-08,1237
2022-03-10,1228.3
2022-03-11,1232
2022-03-14,1242.3
2022-03-15,1242.8
2022-03-16,1235.7
2022-03-17,1214.3
2022-03-18,1207.6
2022-03-21,1216.3
2022-03-22,1218.1
2022-03-23,1213.8
2022-03-24,1218.8
2022-03-25,1218.8
2022-03-28,1227.3
2022-03-29,1219.8
2022-03-30,1209.6
2022-03-31,1212.1
2022-04-01,1215.5
2022-04-04,1214.4
2022-04-05,1212.7
2022-04-06,1218.3
2022-04-07,1219.5
2022-04-08,1225.1
2022-04-11,1233.1
2022-04-12,1236.2
2022-04-13,1228
2022-04-14,1224.7
2022-04-15,1229.6
2022-04-18,1234.4
2022-04-19,1236.9
2022-04-20,1236.1
2022-04-21,1239
2022-04-22,1239.1
2022-04-25,1249.9
2022-04-26,1250.8
2022-04-27,1265.2
2022-04-28,1272.5
2022-04-29,1255.9
2022-05-02,1265.1
2022-05-03,1267.8
2022-05-04,1266.3
2022-05-06,1272.7
2022-05-09,1274
2022-05-10,1276.4
2022-05-11,1275.3
2022-05-12,1288.6
2022-05-13,1284.2
2022-05-16,1284.1
2022-05-17,1275
2022-05-18,1266.6
2022-05-19,1277.7
2022-05-20,1268.1
2022-05-23,1264.1
2022-05-24,1266.2
2022-05-25,1264.6
2022-05-26,1267
2022-05-27,1256.2
2022-05-30,1238.6
2022-05-31,1237.2
2022-06-02,1252.1
2022-06-03,1242.7
2022-06-07,1257.7
2022-06-08,1253.8
2022-06-09,1256.9
2022-06-10,1268.9
2022-06-13,1284
2022-06-14,1286.4
2022-06-15,1290.5
2022-06-16,1285.6
2022-06-17,1287.3
2022-06-20,1292.4
2022-06-21,1293.6
2022-06-22,1297.3
2022-06-23,1301.8
2022-06-24,1298.2
2022-06-27,1286.5
2022-06-28,1283.4
2022-06-29,1299
2022-06-30,1298.4
2022-07-01,1297.3
2022-07-04,1297.1
2022-07-05,1300.3
2022-07-06,1306.3
2022-07-07,1299.8
2022-07-08,1300.4
2022-07-11,1303.9
2022-07-12,1312.1
2022-07-13,1306.9
2022-07-14,1312.1
2022-07-15,1326.1
2022-07-18,1317.4
2022-07-19,1313.4
2022-07-20,1312.9
2022-07-21,1307.7
2022-07-22,1313
2022-07-25,1313.7
2022-07-26,1307.6
2022-07-27,1313.3
2022-07-28,1296.1
2022-07-29,1299.1
2022-08-01,1304
2022-08-02,1304.7
2022-08-03,1310.3
2022-08-04,1310.1
2022-08-05,1298.3
2022-08-08,1306.4
2022-08-09,1304.6
2022-08-10,1310.4
2022-08-11,1303
2022-08-12,1302.4
2022-08-16,1308.1
2022-08-17,1310.3
2022-08-18,1320.7
2022-08-19,1325.9
2022-08-22,1339.8
2022-08-23,1345.5
2022-08-24,1342.1
2022-08-25,1335.2
2022-08-26,1331.3
2022-08-29,1350.4
2022-08-30,1346.7
2022-08-31,1337.6
2022-09-01,1354.9
2022-09-02,1362.6
2022-09-05,1371.4
2022-09-06,1371.7
2022-09-07,1384.2
2022-09-08,1380.8
2022-09-13,1373.6
2022-09-14,1390.9
2022-09-15,1393.7
2022-09-16,1388
2022-09-19,1393.6
2022-09-20,1389.5
2022-09-21,1394.2
2022-09-22,1409.7
2022-09-23,1409.3
2022-09-26,1431.3
2022-09-27,1421.5
2022-09-28,1439.9
2022-09-29,1438.9
2022-09-30,1430.2
2022-10-04,1426.5
2022-10-05,1410.1
2022-10-06,1402.4
2022-10-07,1412.4
2022-10-11,1435.2
2022-10-12,1424.9
2022-10-13,1431.3
2022-10-14,1428.5
2022-10-17,1435.3
2022-10-18,1422.7
2022-10-19,1426.2
2022-10-20,1433.3
2022-10-21,1439.8
2022-10-24,1439.7
2022-10-25,1433.1
2022-10-26,1426.6
2022-10-27,1417
2022-10-28,1421.5
2022-10-31,1424.3
2022-11-01,1417.2
2022-11-02,1417.4
2022-11-03,1423.8
2022-11-04,1419.2
2022-11-07,1401.2
2022-11-08,1384.9
2022-11-09,1364.8
2022-11-10,1377.5
2022-11-11,1318.4
2022-11-14,1325.9
2022-11-15,1317.6
2022-11-16,1325
2022-11-17,1339.1
2022-11-18,1340.3
2022-11-21,1354.7
2022-11-22,1356.6
2022-11-23,1351.8
2022-11-24,1328.2
2022-11-25,1323.7
2022-11-28,1340.2
2022-11-29,1326.6
2022-11-30,1318.8
2022-12-01,1299.7
2022-12-02,1299.9
2022-12-05,1292.6
2022-12-06,1318.8
2022-12-07,1321.7
2022-12-08,1318
2022-12-09,1301.3
2022-12-12,1307.2
2022-12-13,1306
2022-12-14,1296.3
2022-12-15,1303.1
2022-12-16,1305.4
2022-12-19,1302.9
2022-12-20,1289.6
2022-12-21,1285.7
2022-12-22,1276.2
2022-12-23,1280.8
2022-12-26,1274.8
2022-12-27,1271.4
2022-12-28,1267
2022-12-29,1264.5
2022-12-30,1264.5
2023-01-02,1272.6
2023-01-03,1271
2023-01-04,1271.7
2023-01-05,1269.4
2023-01-06,1268.6
2023-01-09,1243.5
2023-01-10,1244.7
2023-01-11,1246.2
2023-01-12,1245.8
2023-01-13,1241.3
2023-01-16,1235.3
2023-01-17,1238.7
2023-01-18,1237.4
2023-01-19,1232.1
2023-01-20,1235.5
2023-01-25,1231.7
2023-01-26,1230.7
2023-01-27,1231.3
2023-01-30,1227.4
2023-01-31,1231.9
2023-02-01,1231.3
2023-02-02,1220.3
2023-02-03,1229.4
2023-02-06,1252.8
2023-02-07,1255.3
2023-02-08,1260.1
2023-02-09,1260.4
2023-02-10,1265.2
2023-02-13,1277.3
2023-02-14,1269.4
2023-02-15,1282.2
2023-02-16,1284.8
2023-02-17,1299.5
2023-02-20,1294.5
2023-02-21,1295.9
2023-02-22,1304.9
2023-02-23,1297.1
2023-02-24,1304.8
2023-02-27,1323
2023-02-28,1322.6
2023-03-02,1315.6
2023-03-03,1301.6
2023-03-06,1296.9
2023-03-07,1299.4
2023-03-08,1321.4
2023-03-09,1322.2
2023-03-10,1324.2
2023-03-13,1301.8
2023-03-14,1311.1
2023-03-15,1303.7
2023-03-16,1313
2023-03-17,1302.2
2023-03-20,1310.1
2023-03-21,1311.2
2023-03-22,1307.7
2023-03-23,1278.3
2023-03-24,1294.3
2023-03-27,1301.5
2023-03-28,1298.8
2023-03-29,1302.7
2023-03-30,1299
2023-03-31,1301.9
2023-04-03,1316.5
2023-04-04,1315.8
2023-04-05,1310.5
2023-04-06,1319.1
2023-04-07,1316.7
2023-04-10,1319.7
2023-04-11,1322.2
2023-04-12,1325.7
2023-04-13,1310.4
2023-04-14,1298.9
2023-04-17,1311.1
2023-04-18,1318.6
2023-04-19,1325.7
2023-04-20,1322.8
2023-04-21,1328.2
2023-04-24,1334.8
2023-04-25,1332.2
2023-04-26,1336.3
2023-04-27,1338
2023-04-28,1337.7
2023-05-02,1342.1
2023-05-03,1338.2
2023-05-04,1322.8
2023-05-08,1321.4
2023-05-09,1323.9
2023-05-10,1324.8
2023-05-11,1326.3
2023-05-12,1334.5
2023-05-15,1337
2023-05-16,1338.6
2023-05-17,1337.2
2023-05-18,1334.2
2023-05-19,1326.7
2023-05-22,1318.1
2023-05-23,1312.7
2023-05-24,1317.4
2023-05-25,1326
2023-05-26,1324.5
2023-05-30,1324.9
2023-05-31,1327.2
2023-06-01,1321.6
2023-06-02,1305.7
2023-06-05,1308.1
2023-06-07,1303.8
2023-06-08,1303.7
2023-06-09,1291.5
2023-06-12,1288.3
2023-06-13,1271.4
2023-06-14,1278.5
2023-06-15,1280.5
2023-06-16,1271.9
2023-06-19,1282
2023-06-20,1280.3
2023-06-21,1292
2023-06-22,1294.9
2023-06-23,1304.2
2023-06-26,1306.3
2023-06-27,1300.3
2023-06-28,1307.3
2023-06-29,1317.6
2023-06-30,1317.7
2023-07-03,1308
2023-07-04,1301.4
2023-07-05,1298.6
2023-07-06,1300.9
2023-07-07,1305
2023-07-10,1306.5
2023-07-11,1293.7
2023-07-12,1288.7
2023-07-13,1274
2023-07-14,1265.8
2023-07-17,1266.6
2023-07-18,1260.4
2023-07-19,1265.6
2023-07-20,1269.9
2023-07-21,1283.4
2023-07-24,1279.9
2023-07-25,1275.4
2023-07-26,1274.5
2023-07-27,1277.7
2023-07-28,1277
2023-07-31,1274.6
2023-08-01,1283.8
2023-08-02,1298.5
2023-08-03,1299.1
2023-08-04,1309.8
2023-08-07,1306.2
2023-08-08,1315.7
2023-08-09,1315.7
2023-08-10,1316
2023-08-11,1324.9
2023-08-14,1330.9
2023-08-16,1336.9
2023-08-17,1342
2023-08-18,1338.3
2023-08-21,1342.6
2023-08-22,1335.5
2023-08-23,1339.7
2023-08-24,1322.6
2023-08-25,1325.2
2023-08-28,1323.4
2023-08-29,1321.9
2023-08-30,1323.4
2023-08-31,1321.8
2023-09-01,1318.8
2023-09-04,1319.8
2023-09-05,1330.6
2023-09-06,1330.5
2023-09-07,1335.4
2023-09-08,1333.4
2023-09-11,1331.1
2023-09-12,1327.8
2023-09-13,1330
2023-09-14,1325.7
2023-09-15,1325.9
2023-09-18,1324.4
2023-09-19,1328.5
2023-09-20,1330.1
2023-09-21,1339.7
2023-09-22,1336.8
2023-09-25,1336.5
2023-09-26,1348.5
2023-09-27,1349.3
2023-10-04,1363.5
2023-10-05,1350.5
2023-10-06,1349.9
2023-10-10,1349.5
2023-10-11,1338.7
2023-10-12,1338.5
2023-10-13,1350
2023-10-16,1353.7
2023-10-17,1353.6
2023-10-18,1349.6
2023-10-19,1357.4
2023-10-20,1352.4
2023-10-23,1353.7
2023-10-24,1343.1
2023-10-25,1349.7
2023-10-26,1360
2023-10-27,1355.9
2023-10-30,1350.9
2023-10-31,1350.5
2023-11-01,1357.3
2023-11-02,1342.9
2023-11-03,1322.4
2023-11-06,1297.3
2023-11-07,1307.9
2023-11-08,1310.6
2023-11-09,1310.1
2023-11-10,1316.8
2023-11-13,1325.1
2023-11-14,1328.9
2023-11-15,1300.8
2023-11-16,1296.9
2023-11-17,1296.9
2023-11-20,1291.6
2023-11-21,1289.2
2023-11-22,1300.5
2023-11-23,1297.5
2023-11-24,1306.4
2023-11-27,1303.8
2023-11-28,1293.7
2023-11-29,1289.6
2023-11-30,1290
2023-12-01,1305.8
2023-12-04,1304
2023-12-05,1311.2
2023-12-06,1313.1
2023-12-07,1325.3
2023-12-08,1306.8
2023-12-11,1316.5
2023-12-12,1314
2023-12-13,1319.9
2023-12-14,1295.4
2023-12-15,1296.5
2023-12-18,1297.2
2023-12-19,1307.8
2023-12-20,1298.9
2023-12-21,1305.1
2023-12-22,1303
2023-12-26,1294.5
2023-12-27,1294.2
2023-12-28,1288
2023-12-29,1288
2024-01-02,1300.4
2024-01-03,1304.8
2024-01-04,1310
2024-01-05,1315.4
2024-01-08,1316
2024-01-09,1315.7
2024-01-10,1320.1
2024-01-11,1312.9
2024-01-12,1313.5
2024-01-15,1320.2
2024-01-16,1331.8
2024-01-17,1344.2
2024-01-18,1339.7
2024-01-19,1339
2024-01-22,1338.9
2024-01-23,1333.4
2024-01-24,1337
2024-01-25,1335.8
2024-01-26,1336.3
2024-01-29,1335.7
2024-01-30,1329.4
2024-01-31,1334.6
2024-02-01,1331.8
2024-02-02,1322.6
2024-02-05,1330.8
2024-02-06,1327.6
2024-02-07,1327.8
2024-02-08,1328.2
2024-02-13,1328.1
2024-02-14,1335.4
2024-02-15,1334
2024-02-16,1335.4
2024-02-19,1335.2
2024-02-20,1337.6
2024-02-21,1334.7
2024-02-22,1328.7
2024-02-23,1331
2024-02-26,1331.1
2024-02-27,1331
2024-02-28,1333.6
2024-02-29,1331.5
2024-03-04,1331.3
2024-03-05,1334.5
2024-03-06,1334.5
2024-03-07,1330.9
2024-03-08,1319.8
2024-03-11,1310.3
2024-03-12,1311
2024-03-13,1314.5
2024-03-14,1317.6
2024-03-15,1330.5
2024-03-18,1333.7
2024-03-19,1339.8
2024-03-20,1339.8
2024-03-21,1322.4
2024-03-22,1338.4
2024-03-25,1342.1
2024-03-26,1339.5
2024-03-27,1348.7
2024-03-28,1346.2
2024-03-29,1347.2
2024-04-01,1349.4
2024-04-02,1352.1
2024-04-03,1348.9
2024-04-04,1347.1
2024-04-05,1352.8
2024-04-08,1353.2
2024-04-09,1354.9
2024-04-11,1364.1
2024-04-12,1375.4
2024-04-15,1384
2024-04-16,1394.5
2024-04-17,1386.8
2024-04-18,1372.9
2024-04-19,1382.2
2024-04-22,1379.2
2024-04-23,1378.3
2024-04-24,1369.2
2024-04-25,1375
2024-04-26,1375.3
2024-04-29,1377
2024-04-30,1382
2024-05-02,1375.9
2024-05-03,1362.8
2024-05-07,1360.1
2024-05-08,1361.5
2024-05-09,1370.1
2024-05-10,1368.1
2024-05-13,1368.2
2024-05-14,1369.1
2024-05-16,1345
2024-05-17,1354.9
2024-05-20,1355.9
2024-05-21,1363.3
2024-05-22,1362.9
2024-05-23,1362.4
2024-05-24,1369.5
2024-05-27,1363.8
2024-05-28,1358.5
2024-05-29,1365
2024-05-30,1379.4
2024-05-31,1384.5
2024-06-03,1376.1
2024-06-04,1376
2024-06-05,1373
2024-06-07,1365.3
2024-06-10,1376
2024-06-11,1378.4
2024-06-12,1376.2
2024-06-13,1373.9
2024-06-14,1379.3
2024-06-17,1381.2
2024-06-18,1381.1
2024-06-19,1381.8
2024-06-20,1384.7
2024-06-21,1388.3
2024-06-24,1389
2024-06-25,1387.5
2024-06-26,1388.7
2024-06-27,1385.8
2024-06-28,1376.7
2024-07-01,1379.3
2024-07-02,1388.2
2024-07-03,1390.6
2024-07-04,1380.4
2024-07-05,1380.3
2024-07-08,1383.3
2024-07-09,1381.6
2024-07-10,1384.7
2024-07-11,1378.8
2024-07-12,1379.6
2024-07-15,1382.8
2024-07-16,1384.9
2024-07-17,1381.5
2024-07-18,1381.7
2024-07-19,1386.7
2024-07-22,1388.2
2024-07-23,1386.2
2024-07-24,1383.8
2024-07-25,1385.4
2024-07-26,1385.8
2024-07-29,1381.9
2024-07-30,1385.3
2024-07-31,1376.5
2024-08-01,1366.2
2024-08-02,1371.2
2024-08-05,1374.8
2024-08-06,1375.6
2024-08-07,1376.8
2024-08-08,1377.2
2024-08-09,1364.6
2024-08-12,1372
2024-08-13,1370.4
2024-08-14,1360.6
2024-08-16,1357.6
2024-08-19,1334
2024-08-20,1333.2
2024-08-21,1336.6
2024-08-22,1334.7
2024-08-23,1338.8
2024-08-26,1326.8
2024-08-27,1331
2024-08-28,1339
2024-08-29,1333.2
2024-08-30,1336
2024-09-02,1338.4
2024-09-03,1341.4
2024-09-04,1342.2
2024-09-05,1335.9
2024-09-06,1327.6
2024-09-09,1339.8
2024-09-10,1343.7
2024-09-11,1339
2024-09-12,1338.7
2024-09-13,1329.5
2024-09-19,1329
2024-09-20,1329.1
2024-09-23,1335.9
2024-09-24,1334.9
2024-09-25,1331
2024-09-26,1327.2
2024-09-27,1318.6
2024-09-30,1307.8
2024-10-02,1319.3
2024-10-04,1333.7
2024-10-07,1346.7
2024-10-08,1349.7
2024-10-10,1350.2
2024-10-11,1349.5
2024-10-14,1355.9
2024-10-15,1361.3
2024-10-16,1362.6
2024-10-17,1368.6
2024-10-18,1369.7
2024-10-21,1375.2
2024-10-22,1380.1
2024-10-23,1382.2
2024-10-24,1380.2
2024-10-25,1388.7
2024-10-28,1385
2024-10-29,1386.5
2024-10-30,1382.4
2024-10-31,1379.9
2024-11-01,1379.4
2024-11-04,1370.9
2024-11-05,1378.6
2024-11-06,1396.2
2024-11-07,1396.6
2024-11-08,1386.4
2024-11-11,1394.7
2024-11-12,1403.5
2024-11-13,1406.6
2024-11-14,1405.1
2024-11-15,1398.8
2024-11-18,1395.2
2024-11-19,1390.9
2024-11-20,1390.9
2024-11-21,1397.5
2024-11-22,1401.8
2024-11-25,1402.2
2024-11-26,1398.2
2024-11-27,1397
2024-11-28,1395.6
2024-11-29,1394.7
2024-12-02,1401.3
2024-12-03,1402.9
2024-12-04,1410.1
2024-12-05,1415.1
2024-12-06,1419.2
2024-12-09,1437
2024-12-10,1426.9
2024-12-11,1432.2
2024-12-12,1431.9
2024-12-13,1433
2024-12-16,1435
2024-12-17,1438.9
2024-12-18,1435.5
2024-12-19,1451.9
2024-12-20,1451.4
2024-12-23,1452
2024-12-24,1456.4
2024-12-26,1464.8
2024-12-27,1467.5
2024-12-30,1472.5
2024-12-31,1472.5
2025-01-02,1466.6
2025-01-03,1468.4
2025-01-06,1469.7
2025-01-07,1453.5
2025-01-08,1455
2025-01-09,1460.5
2025-01-10,1465
2025-01-13,1470.8
2025-01-14,1463.2
2025-01-15,1461.2
2025-01-16,1456.7
2025-01-17,1458.3
2025-01-20,1451.7
2025-01-21,1439.5
2025-01-22,1437.6
2025-01-23,1437.3
2025-01-24,1431.3
2025-01-31,1452.7
2025-02-03,1467.2
2025-02-04,1462.9
2025-02-05,1444.3
2025-02-06,1447.7
2025-02-07,1447.8
2025-02-10,1451.2
2025-02-11,1452.6
2025-02-12,1453.4
2025-02-13,1447.5
2025-02-14,1443.5
2025-02-17,1441.7
2025-02-18,1443.7
2025-02-19,1438.5
2025-02-20,1437.9
2025-02-21,1434.3
2025-02-24,1427.4
2025-02-25,1430.4
2025-02-26,1433.1
2025-02-27,1443
2025-02-28,1463.4
2025-03-04,1461.8
2025-03-05,1454.5
2025-03-06,1442.4
2025-03-07,1446.8
2025-03-10,1452.3
2025-03-11,1458.2
2025-03-12,1451
2025-03-13,1453.8
2025-03-14,1453.8
2025-03-17,1447.9
2025-03-18,1452.9
2025-03-19,1453.4
2025-03-20,1458.9
2025-03-21,1462.7
2025-03-24,1467.7
2025-03-25,1469.2
2025-03-26,1466.3
2025-03-27,1465.3
2025-03-28,1466.5
2025-03-31,1472.9
2025-04-01,1471.9
2025-04-02,1466.6
2025-04-03,1467
2025-04-04,1434.1
2025-04-07,1467.8
2025-04-08,1473.2
2025-04-09,1484.1
2025-04-10,1456.4
2025-04-11,1449.9
2025-04-14,1424.1
2025-04-15,1425.5
2025-04-16,1426.7
2025-04-17,1418.9
2025-04-18,1423.3
2025-04-21,1419.1
2025-04-22,1420.6
2025-04-23,1420.6
2025-04-24,1435
2025-04-25,1436.5
2025-04-28,1442.6
2025-04-29,1437.3
2025-04-30,1421
2025-05-02,1405.3
2025-05-07,1398
2025-05-08,1396.6
2025-05-09,1400
2025-05-12,1402.4
2025-05-13,1416
2025-05-14,1420.2
2025-05-15,1394.5
2025-05-16,1389.6
2025-05-19,1397.8
2025-05-20,1392.4
2025-05-21,1387.2
2025-05-22,1381.3
2025-05-23,1375.6
2025-05-26,1364.4
2025-05-27,1369.5
2025-05-28,1376.5
2025-05-29,1375.9
2025-05-30,1380.1
2025-06-02,1373.1
2025-06-04,1369.5
2025-06-05,1358.4
2025-06-09,1356.4
2025-06-10,1364.3
2025-06-11,1375
2025-06-12,1358.7
2025-06-13,1369.6
2025-06-16,1363.8
2025-06-17,1362.7
2025-06-18,1369.4
2025-06-19,1380.2
2025-06-20,1365.6
2025-06-23,1384.3
2025-06-24,1360.2
2025-06-25,1362.4
2025-06-26,1356.9
2025-06-27,1357.4
2025-06-30,1350
2025-07-01,1355.9
2025-07-02,1358.7
2025-07-03,1359.4
2025-07-04,1362.3
2025-07-07,1367.8
2025-07-08,1367.9
2025-07-09,1375
2025-07-10,1370
2025-07-11,1375.4
2025-07-14,1381.2
2025-07-15,1380.2
2025-07-16,1385.7
2025-07-17,1392.6
2025-07-18,1393
2025-07-21,1388.2
2025-07-22,1387.8
2025-07-23,1379.8
2025-07-24,1367.2
2025-07-25,1377.9
2025-07-28,1382
2025-07-29,1391
2025-07-30,1383.1
2025-07-31,1387
2025-08-01,1401.4
2025-08-04,1385.2
2025-08-05,1388.3
2025-08-06,1389.5
2025-08-07,1381.2
2025-08-08,1389.6
2025-08-11,1388
2025-08-12,1389.9
2025-08-13,1381.7
2025-08-14,1382
2025-08-18,1385
2025-08-19,1390.9
2025-08-20,1398.4
2025-08-21,1398.4
2025-08-22,1393.2
2025-08-25,1384.7
2025-08-26,1395.8
2025-08-27,1396.3
2025-08-28,1387.6
2025-08-29,1390.1
2025-09-01,1393.7
2025-09-02,1391
2025-09-03,1392.3
2025-09-04,1392.5
2025-09-05,1391
2025-09-08,1390.6
2025-09-09,1387.9
2025-09-10,1386.6
2025-09-11,1391.8
2025-09-12,1388.2
2025-09-15,1389
2025-09-16,1378.9
2025-09-17,1380.1
2025-09-18,1387.8
2025-09-19,1393.6
2025-09-22,1392.6
2025-09-23,1392.6
2025-09-24,1397.5
2025-09-25,1400.6
2025-09-26,1412.4
2025-09-29,1398.7
2025-09-30,1402.9
2025-10-01,1403.2
2025-10-02,1400
2025-10-10,1421
2025-10-13,1425.8
2025-10-14,1431
2025-10-15,1421.3
2025-10-16,1417.9
2025-10-17,1421.2
2025-10-20,1419.2
2025-10-21,1427.8
2025-10-22,1429.8
2025-10-23,1439.6
2025-10-24,1437.1
2025-10-27,1431.7
2025-10-28,1437.7
2025-10-29,1431.7
2025-10-30,1426.5
2025-10-31,1424.4
2025-11-03,1428.8
2025-11-04,1437.9
2025-11-05,1449.4
2025-11-06,1447.7
2025-11-07,1456.9
2025-11-10,1451.4
2025-11-11,1463.3
2025-11-12,1465.7
2025-11-13,1467.7
2025-11-14,1457
2025-11-17,1458
2025-11-18,1465.3
2025-11-19,1465.6
2025-11-20,1467.9
2025-11-21,1475.6
2025-11-24,1477.1
2025-11-25,1472.4
2025-11-26,1465.6
2025-11-27,1464.9
2025-11-28,1470.6
2025-12-01,1469.9
2025-12-02,1468.4
2025-12-03,1468
2025-12-04,1473.5
2025-12-05,1468.8
2025-12-08,1466.9
2025-12-09,1472.3
2025-12-10,1470.4
2025-12-11,1473
2025-12-12,1473.7
2025-12-15,1471
2025-12-16,1477
2025-12-17,1479.8
2025-12-18,1478.3
2025-12-19,1476.3
2025-12-22,1480.1
2025-12-23,1483.6
2025-12-24,1449.8
2025-12-26,1440.3
2025-12-29,1429.8
2025-12-30,1439
2025-12-31,1439
